,0
A. E. van Vogt,1
A. Smithee,22
A.A. Ward,1
A.C. Bradley,111
A.J. Jothikumar,8
Aaron Alexovich,3
Aaron Conley,45
Aaron Covington,11
Aaron Kuder,88
Aaron Lopresti,237
Aaron McBride,1
Aaron Shaps,1
Abby Denson,5
Abraham Lopez,2
Abraham Stoker,18
Acclaim,28
ACO,11
Activision,69
Adam Archer,11
Adam Beechen,27
Adam DeKraker,91
Adam F. Goldberg,1
Adam Felber,5
Adam Gilad,1
Adam Glass,16
Adam Gorham,10
Adam Hughes,12
Adam Jeffcoat,13
Adam Kubert,362
Adam McKay,17
Adam Pollina,74
Adam Ross,1
Adam Santangelo,2
Adam Targum,2
Adam Vega,1
Adam Warren,126
Adam-Troy Castro,2
Adi Granov,53
Adil El Arbi,9
Adrian Alphona,116
Adriana Melo,29
Afu Chan,7
Agenda,17
Agnes Garbowska,1
Agustin Padilla,6
Agustín Alessio,2
Akela Cooper,15
Akira Yoshida,40
Akiyoshi Sakai,4
Al Anders,29
Al Avison,108
Al Barrionuevo,14
Al Bertino,45
Al Bigley,13
Al Carreno,2
Al Eadeh,7
Al Ewing,1022
Al Fagaly,25
Al Feldstein,4
Al Gordon,4
Al Hartley,146
Al Jaffee,9
Al Kurzrok,2
Al Milgrom,260
Al Septien,8
Al Sjoerdsma,78
Al Vey,1
Al Williamson,18
Alan Cowsill,25
Alan Davis,1053
Alan Edward Kupperberg,341
Alan Evans,23
Alan Grant,29
Alan McKenzie,2
Alan Moore,122
Alan Robinson,2
Alan Rowlands,20
Alan Swayze,4
Alan Tam,1
Alan Weiss,40
Alan Zelenetz,149
Alba Glez,17
Albertina Rizzo,1
Alberto Dose,2
Alberto Foche,7
Alberto Jiménez Alburquerque,17
Alberto Ponticelli,18
Alberto Saichann,1
Alec Morgan,4
Alec Siegel,1
Alejandro Arbona,3
Alejandro Garza,10
Ales Kot,23
Alessandro Cappuccio,10
Alessandro Miracolo,3
Alessandro Vitti,47
Alex Arizmendi,10
Alex Bland,13
Alex Blum,4
Alex Chung,14
Alex Delyle,2
Alex Garcia Lopez,1
Alex Kamer,2
Alex Kropinak,163
Alex Kurtzman,8
Alex Lins,3
Alex Lovy,6
Alex Meenehan,4
Alex Nino,21
Alex Paknadel,25
Alex Ross,799
Alex Sanchez,3
Alex Saviuk,143
Alex Schomburg,9
Alex Segura,2
Alex Soto,5
Alex Trimpe,2
Alex Zalben,24
Alexander Irvine,471
Alexander Jubran,2
Alexander Lozano,1
Alexander Maleev,83
Alexander Morrissey,11
Alexander Toth,38
Alexandre Dumas,9
Alexx Van Dyne,8
Alfred Bester,1
Alfred Gabriele,87
Alfred Gough,11
Alfredo P. Alcala,28
Alina Urusov,2
Alison Sampson,3
Alisson Borges,1
Alitha Martinez,15
Allan Cole,2
Allan Heinberg,55
Allan Jacobsen,9
Allan Jefferson,2
Allen Bellman,71
Allen Simon,86
Allen Warner,373
Allyn Brodsky,38
Alti Firmansyah,74
Aluir Almancino,14
Alvaro Martinez,6
Alvaro Rio,6
Alvin Boretz,11
Alvin Lee,16
Alvin Sargent,47
Alyssa Ragni,2
Alyssa Wong,30
Amanda Clarke,1
Amanda Conner,7
Amaze Entertainment,1
Ambrose Bierce,3
Amelia Woo,2
Amilcar Pinna,62
Amy Chu,5
Amy Reeder,27
Ande Parks,2
Andi Bushell,2
Andi Watson,15
Andie Tong,26
Andre Coates,7
Andrea Broccardo,14
Andrea Divito,226
Andrea Lawrence,4
Andrea Mutti,13
Andrea Sorrentino,163
Andres Guinaldo,6
Andres Mossa,1
Andrew Barrer,11
Andrew Cartmel,2
Andrew Currie,33
Andrew Ellis,1
Andrew Farago,1
Andrew Goletz,2
Andrew Hennessy,8
Andrew Hope,5
Andrew J. Offutt,5
Andrew Kupperberg,12
Andrew Lanham,17
Andrew Pepoy,14
Andrew R. Robinson,23
Andrew Robinson,2
Andrew Schneider,7
Andrew Trabbold,1
Andrew Wheeler,2
Andrew Wildman,70
André Lima Araújo,165
Andrés Genolet,19
Andy Clarke,1
Andy Diggle,42
Andy Goddard,1
Andy Jozefowiez,2
Andy Kubert,173
Andy Kuhn,67
Andy Lanning,653
Andy MacDonald,82
Andy Mangels,1
Andy Olsen,1
Andy Park,5
Andy Schmidt,23
Andy Smith,43
Aneke,1
Angel Medina,82
Angela LaManna,2
Angelo Torres,2
Angie Bowie,3
Ann Knapp,3
Ann Nocenti,179
Ann Robinson,1
Anna Boden,23
Anna Foerster,1
Anna Sewell,6
Anna-Maria Cool,1
Annalise Bissa,1
Annapaola Martello,5
Anne Toole,1
Annie Wu,18
Anthony Castrillo,14
Anthony Cotilletta,2
Anthony Del Col,1
Anthony Flamini,303
Anthony Herring,39
Anthony Holden,16
Anthony Oliveira,3
Anthony Piper,15
Anthony Russo,9
Anthony Williams,69
Anthony Winn,11
Antonio Demico,2
Antonio Fuso,2
Antonio Martín,3
Antony Johnston,40
Anzu,1
April Campbell,4
Archie Goodwin,213
Ardian Syaf,30
Arianna Florean,6
Ariel Olivetti,216
Ariela Kristantina,1
Ariella Blejer,4
Ario Anindito,15
Armando Gil,18
Arnaud Delord,2
Arnie Jorgensen,23
Arnold Drake,60
Arnold Hicks,13
Arnold Pander,5
Aron Coleite,26
Aron E. Coleite,9
Aron Wiesenfeld,24
Art Gates,3
Art Marcum,64
Art Nichols,17
Arthur Adams,170
Arthur Browne Jr.,1
Arthur Byron Cover,5
Arthur Conan Doyle,10
Arthur Edward Thibert,39
Arthur Machen,1
Arthur Pinajian,7
Arthur Ranson,30
Arthur Suydam,1
Arturo Lozzi,1
Arvell Malcolm Jones,27
Arvid Nelson,2
Ashley Miller,39
Ashley Wigfield,1
Ashley Wood,26
Attention To Detail,1
Atul Rao,4
Aubrey Singer,4
Aubrey Sitterson,1
Aud Koch,6
Audra Auclair,2
Audrey Loeb,13
Audwynn Newman,3
August Derleth,12
Augustus Le Plongeon,2
Avalon Studios,1
Avi Arad,26
Axel Alonso,1
Aïda Mashaka Croal,8
B. Clay Moore,4
Bandai Namco Games,5
Bandai Namco,5
Barbara Kesel,28
Barbara Nance,2
Barry Alfonso,6
Barry Crain,6
Barry Dutter,75
Barry Kitson,154
Barry May,1
Barry Reese,13
Barry Windsor-Smith,157
Bart Jennett,1
Bart Sears,138
Basil Dickey,5
Basil Wolverton,4
Batton Lash,8
Beam Software,6
Beau DeMayo,1
Becky Cloonan,17
Belén Ortega,10
Ben Acker,65
Ben Arfmann,26
Ben Blacker,65
Ben Brown,2
Ben Caldwell,3
"Ben Cooper, Inc.",4
Ben Dunn,59
Ben Flinton,5
Ben Herrera,146
Ben Joseph,3
Ben Lai,4
Ben Masselink,2
Ben McCool,12
Ben Morse,246
Ben Oliver,58
Ben Raab,190
Ben Schwartz,8
Ben Stenbeck,1
Ben Thompson,69
Ben Torres,8
Bengal,12
Benjamin Arfmann,116
Benjamin Dewey,16
Benjamin Jackendoff,7
Benjamin Percy,134
Benny Powell,48
Benton Jew,2
Bernard Baily,2
Bernard Chang,61
Bernard Custodio,1
Bernie Jaye,13
Bernie Krigstein,2
Bernie Sills,4
Bernie Wrightson,43
Bertram Hubbard,4
Bhob Stuart,1
Bilall Fallah,9
Bill Anderson,3
Bill Benulis,2
Bill Black,12
Bill Danch,38
Bill Effros,4
Bill Finger,25
Bill Flanagan,16
Bill Galvan,24
Bill Jaaska,7
Bill Jemas,46
Bill Kunkel,5
Bill LaCava,2
Bill Lentz,8
Bill Mantlo,864
Bill Marimon,1
Bill Molno,2
Bill Mumy,10
Bill O'Connor,5
Bill Reinhold,36
Bill Rosemann,135
Bill Sienkiewicz,181
Bill Underwood,1
Bill Walsh,10
Bill Williams,2
Bill Willingham,12
Bill Woolfolk,31
Bill Wray,26
Bill Wylie,14
Billy Gierhart,2
Billy Patton,1
Billy Tan Mung Khoy,57
Billy Tucci,4
Bing Cansino,2
Bisha K. Ali,18
Bits Studios,9
Björn Nyberg,14
Bo Hampton,9
Boaz Yakin,10
Bob Bolling,2
Bob Budiansky,189
Bob Byrd,3
Bob Camp,8
Bob Carney,1
Bob Davis,3
Bob DeNatale,10
Bob Forgione,13
Bob Forward,57
Bob Fujitani,3
Bob Gale,24
Bob Hall,148
Bob Harras,175
Bob Johnson,4
Bob Layton,330
Bob McLeod,85
Bob Oksner,42
Bob Richardson,15
Bob Shaw,1
Bob Stitzel,4
Bob Wakelin,6
Bob Wiacek,18
Bob Wood,3
Bobak Esfarjani,4
Bobbie Chase,3
Bobby Roth,2
Bong Dazo,38
Bono,1
Boundless Entertainment,1
Boyd Kirkland,36
Brad Anderson,3
Brad K. Joyce,27
Brad Marques,2
Brad Parker,2
Brad Vancata,6
Brad Walker,42
Brahm Revel,2
Brandon Auman,132
Brandon Choi,46
Brandon Easton,2
Brandon McKinney,3
Brandon Montclare,77
Brandon Peterson,100
Brandon Thomas,10
Brannon Braga,4
Brant Englestein,22
Brendan Cahill,7
Brendan McCarthy,11
Brenden Fletcher,2
Brent Anderson,129
Brent Boylen,49
Brent Cardillo,2
Brent Fletcher,34
Brent Peeples,5
Brent Schoonover,19
Bret Blevins,120
Brett Bean,2
Brett Booth,70
Brett Breeding,49
Brett Cawley,5
Brett Ewins,1
Brett Matthews,3
Brett Morgen,1
Brett Weldele,3
Brian Ashmore,12
Brian Augustyn,5
Brian Azzarello,10
Brian Ching,7
Brian Churilla,14
Brian Clemens,1
Brian Clevinger,21
Brian David-Marshall,11
Brian Denham,7
Brian E. Wilkinson,5
Brian Garvey,8
Brian Haberlin,6
Brian Hagen,12
Brian K. Vaughan,222
Brian Keene,19
Brian Kesinger,43
Brian Kong,2
Brian Level,35
Brian Michael Bendis,2126
Brian O'Connell,2
Brian Patrick Walsh,3
Brian Pelletier,1
Brian Posehn,98
Brian Postman,20
Brian Pulido,45
Brian Reber,1
Brian Reed,325
Brian Smith,4
Brian Stelfreeze,17
Brian Tucker,37
Brian Williamson,8
Brian Wood,37
Brian Wysol,9
Brittney Morris,4
Brittney Williams,24
Brock Hor Jr.,1
Brooks Wachtel,30
Bruce D. Patterson,3
Bruce Jones,174
Bruce Kalish,3
Bruce Nesmith,36
Bruce Reid Schaefer,4
Bruce Timm,4
Bruce Zick,6
Bruno Oliveira,8
Bryan Andrews,11
Bryan Edward Hill,24
Bryan Hitch,420
Bryan J.L. Glass,32
Bryan Lee,1
Bryan Singer,105
Brynne Chandler Reaves,1
Brynne Stephens,3
Bryon Carson,1
Buddy Scalera,33
Bullpen West,1
Burk Sharpless,4
Butch Mapa,2
Buzz Dixon,11
Byron Penaranda,1
Byron Preiss,1
C. L. Moore,1
C. R. Scannel,3
C. Robert Cargill,25
C.A. Winter,7
C.B. Cebulski,169
C.E. Webber,1
C.P. Smith,18
CAFU,35
Caio Majado,6
Caio Reis,3
Cait Zellers,2
Cal Massey,1
Cale Atkinson,23
Cam Kennedy,11
Cam Smith,8
Cameron Stewart,5
Capcom,203
Cara McGee,4
Carl Burgos,149
Carl Gafford,1
Carl Hubbell,14
Carl Pfeufer,54
Carl Potts,139
Carl Urbano,1
Carl Wessler,34
Carla Conway,3
Carlo Barberi,106
Carlo Pagulayan,106
Carlo Rambaldi,1
Carlo Soriano,5
Carlos Ferreira,44
Carlos Garzón,17
Carlos Gómez,74
Carlos Hernandez,2
Carlos Lopez,2
Carlos Magno,81
Carlos Meglia,1
Carlos Mota,5
Carlos Pacheco,338
Carlos Rodriguez,32
Carlos Villa,29
Carly Henson,2
Carly Soteras,8
Carmen Carnero,52
Carmine Di Giandomenico,224
Carmine Infantino,115
Carola Borelli,2
Carole Seuling,10
Caroline Farah,5
Carrie Barre,3
Cary Bates,7
Cary Burkett,26
Cary Nord,81
Casey Jones,125
Caspar Wijngaard,14
Cedric Nocon,2
Cefn Ridout,7
Chad Anderson,67
Chad Bowers,201
Chad Grothhkopf,1
Chad Grothkopf,5
Chance Fiveash,1
Chap Yaep,33
Charles Adlard,38
Charles Dickens,3
Charles Dixon,27
Charles Knauf,46
Charles Marshall,1
Charles Mota,1
Charles Murray,6
Charles Nicholas,70
Charles Pearson,3
Charles Santino,8
Charles Soule,352
Charles Tomsey,3
Charles Vess,25
Charles Wojtkoski,3
Charlie Huston,28
Charlie Jane Anders,3
Charlie Tomsey,1
Charlotte Fullerton,7
Chas Truog,3
Chase Marotz,4
Chelsea Cain,21
Chen Xioyun,20
Cheo Hodari Coker,42
Cheryl Lynn Eaton,7
Cheryl Manaus,1
Chester Krumholz,5
Chic Stone,14
Chip Zdarsky,441
Chloé Zhao,29
Chris Acosta,51
Chris Alexander,1
Chris Allen,3
Chris Bachalo,313
Chris Batista,28
Chris Biggs,41
Chris Breault,24
Chris Brunner,1
Chris Bunch,2
Chris Burnham,37
Chris Chuckry,1
Chris Claremont,2626
Chris Cooper,59
Chris Cosentino,1
Chris Cox,1
Chris Duffy,22
Chris Eliopoulos,216
Chris Freyer,1
Chris Gardner,4
Chris Giarrusso,272
Chris Henderson,1
Chris Kipiniak,14
Chris Marrinan,57
Chris McCoy,3
Chris McKenna,79
Chris Moeller,34
Chris Mooneyham,2
Chris Moreno,18
Chris Renaud,48
Chris Renkewitz,1
Chris Riggs,1
Chris Samnee,122
Chris Sims,199
Chris Sprouse,31
Chris Staggs,2
Chris Strathearn,1
Chris Tsuda,4
Chris Ulm,27
Chris Visions,8
Chris Warner,29
Chris Weston,19
Chris Williams,2
Chris Wilson,3
Chris Wozniak,45
Chris Wyatt,150
ChrisCross,44
Christian Gorney,6
Christian Gossett,7
Christian Moore,10
Christian Taylor,4
Christian Ward,22
Christina Strain,2
Christina Weir,138
Christine Boylan,3
Christopher Allen,12
Christopher Cantwell,77
Christopher Copeland,3
Christopher Ford,36
Christopher Golden,59
Christopher Hastings,109
Christopher Hinz,20
Christopher Ivy,17
Christopher Jones,24
Christopher L. Bennett,20
Christopher Long,1
Christopher Markus,204
Christopher Miller,91
Christopher Priest,221
Christopher Rule,7
Christopher Sebela,2
Christopher Sequeira,3
Christopher Stager,1
Christopher Yost,610
Christos N. Gage,766
Christy Marx,27
Chu Hing,8
Chuck A. Winter,2
Chuck Austen,205
Chuck BB,5
Chuck Dixon,359
Chuck Kim,6
Chuck Mazoujian,1
Chuck Miller,50
Chuck Patton,6
Chuck Wendig,9
Chuck Wojtkiewicz,5
Cian Tormey,1
Cindy Martin,12
Cirocco Dunlap,1
Claire Roe,19
Clark Ashton Smith,40
Claudia Aguirre,1
Claudio Castellini,38
Clay Mann,110
Clay McLeod Chapman,29
Clayton Crain,75
Clayton Henry,206
Clelia Constantine,3
Clem Gretter,1
Cliff Nielsen,69
Cliff Rathburn,12
Cliff Richards,14
Clifford Ball,1
Clint McElroy,16
Clive Barker,3
Clyde Geronimi,2
Cody Ziglar,63
Colin MacNeil,10
Colin Mitchell,1
Colleen Coover,171
Colleen Doran,26
Collin Kelly,10
Corky C. Lehmkuhl,5
Cort Lane,21
Cory Hamscher,60
Cory Smith,65
Cory Walker,15
Cotton Valent,2
Coy Turnbull,3
Craig Anderson,7
Craig Brasfield,75
Craig Buck,4
Craig Houston,33
Craig J. Nevius,9
Craig Kellman,1
Craig Kyle,365
Craig Rousseau,39
Craig Titley,19
Craig Towsley,76
Cranial Implant Studio,1
Creative Differences Studios,1
Creees Lee,2
Cris Peter,1
Cristine Chambers,3
Crystal Dynamics,61
Crystal Frasier,5
Cullen Bunn,1102
Cullen Crawford,2
Cully Hamner,40
Cydne Clark,38
Cynthia Harrison,7
D'Israeli,13
D.J. Bryant,2
Dadid Kraft,1
Dale Eaglesham,160
Dale Keown,129
Dalibor Talajic,383
Dame Darcy,1
Damian Couceiro,29
Damion Scott,27
Damon Hurd,3
Damon Lindelof,2
Dan Abnett,847
Dan Adkins,26
Dan Barry,14
Dan Brereton,18
Dan Chariton,17
Dan Cuddy,1
Dan Danko,11
Dan Day,7
Dan DeCarlo,7
Dan Duncan,1
Dan Fausett,1
Dan Fraga,41
Dan G. Chichester,304
Dan Gerson,20
Dan Harris,64
Dan Hipp,19
Dan Jolley,4
Dan Jurgens,244
Dan Lawlis,30
Dan Mishkin,2
Dan Norton,4
Dan O'Neill,11
Dan Panosian,43
Dan Reed,8
Dan Shaheen,2
Dan Slott,1636
Dan Spiegle,7
Dan Watters,6
Dana Baratta,1
Dana Moreshead,8
Dana Schwartz,9
Dane McCart,6
Dani Michaeli,2
Daniel Acuña,112
Daniel Berman,9
Daniel Espinosa,4
Daniel Govar,3
Daniel Green,15
Daniel José Older,1
Daniel Kibblesmith,49
Daniel Knauf,56
Daniel Merlin Goodbrey,8
Daniel Peters,4
Daniel Quantz,17
Daniel Shattuck,1
Daniel Valadez,1
Daniel Warren Johnson,1
Daniel Way,216
Daniel Zezelj,2
Daniele Di Nicuolo,5
Danielle Wolff,57
Danijel Zezelj,1
Danilo Beyruth,19
Dann Thomas,109
Danny Bulanadi,9
Danny Fingeroth,336
Danny Lore,5
Danny Miki,3
Dante Bastianoni,29
Darcie Little Badger,2
Darick Robertson,126
Dario Brizuela,53
Dario Carrasco,48
Dario Scardapane,1
Darko Macan,14
Darnell Johnson,3
Darrell Fetty,1
Darren Auck,56
Darrick Gross,10
Darryl Banks,5
Darwyn Cooke,10
Daryl Edelman,2
Das Pastoras,12
Data East,21
Dave Berg,7
Dave Callaham,83
Dave Cockrum,251
Dave Gibbons,66
Dave Harwood,1
Dave Hoover,72
Dave Hunt,4
Dave Johnson,2
Dave Manak,167
Dave Matthews,4
Dave McCaig,1
Dave Olbrich,15
Dave Roberts,3
Dave Roman,1
Dave Stager,76
Dave Tata,1
Dave Taylor,25
Dave Thorpe,18
Dave Wachter,2
Dave Wilkins,99
David A. English,1
David Aja,44
David Ammerman,21
David Baldeón,183
David Benioff,17
David Betancourt,1
David Boller,22
David Brevik,213
David Brewer,2
David C. Cooke,4
David C. Smith,1
David Chlystek,13
David Conway,2
David Cullen,58
David Cutler,24
David Day,10
David DeVries,2
David Ehrman,1
David Finch,48
David Gallaher,6
David Gantz,1
David Hahn,16
David Hayter,88
David Hein,13
David Hine,293
David James Kelly,10
David Kidd,13
David Klein,2
David Koepp,28
David Kraft,134
David Lafuente,41
David Lapham,124
David Lee Miller,6
David Liss,40
David Lloyd,16
David López,111
David Mack,61
David Mandel,36
David Marquez,143
David Mazzucchelli,38
David McDermott,59
David Messina,7
David Michelinie,550
David Morrell,31
David Müller,2
David Nakayama,395
David Navarrot,5
David Newbold,1
David Oliphant,1
David Pepose,21
David Quinn,23
David Ross,137
David S. Goyer,82
David Schwartz,10
David Sexton,38
David Simons,57
David Straiton,1
David Tischman,5
David VanTuyle,3
David Vaughan,2
David VonAllmen,1
David Wachter,6
David Walker,52
David Walters,2
David Wellington,7
David Wenzel,14
David Williams,47
David Wiltfong,67
David Wohl,5
David Wong,1
David Yardin,128
Davide Gianfelice,33
Davide Tinto,11
Dawn Kamoche,4
Dax Gordine,44
Dayn Broder,2
Dean Allen Schreck,4
Dean Hale,7
Dean Haspiel,59
Dean Motter,2
Dean Ormstrom,1
Dean Stefan,11
Dean Zachary,2
Deborah Davis,2
Declan Shalvey,76
Delilah S. Dawson,19
Dell Barras,26
Demiurge,261
DeNA,1
Denis Medri,43
Denise Downer,7
Deniz Camp,3
Dennis Calero,65
Dennis Culver,6
Dennis Hallum,196
Dennis Jensen,17
Dennis Kauth,22
Dennis Mallonee,4
Dennis Marks,31
Dennis Medri,4
Dennis Neville,2
Dennis O'Flaherty,2
Dennis O'Neil,167
Dennys McCoy,1
Denys Cowan,69
Derec Aucoin,46
Derec Donovan,9
Derek Charm,47
Derek Fisher,3
Derek Kolstad,6
Derek Landy,36
Derek Skinn,1
Derek Yaniger,12
Dermot Power,8
Deryl Skelton,6
Destin Daniel Cretton,18
Devin Grayson,24
Dewi Roberts,189
Dexter Soy,12
Dexter Vines,4
Diane Duane,2
Diane M. Fresco,2
Dice Shimi,2
Dick Ayers,282
Dick Briefer,4
Dick Cassarino,38
Dick Giordano,16
Dick Robbins,34
Dick Rockwell,4
Dicky Howett,109
Diego Bernard,1
Diego LaTorre,2
Diego Olortegui,72
Dietrich Smith,17
Dike Ruan,35
Dino Castrillo,7
Diodorus Siculus,1
Diogo Saito,9
Dirk Maggs,7
Diógenes Neves,24
DJ Doyle,14
Djibril Morissette-Phan,10
Doc Wyatt,6
Dominike Stanton,16
Don Cameron,7
Don Glut,277
Don Hall,20
Don Heck,514
Don Ingalls,5
Don Jurwich,12
Don Kraar,19
Don Kramer,1
Don Lawrence,2
Don Lomax,6
Don McGregor,152
Don Newton,2
Don Payne,18
Don Perlin,253
Don Rico,122
Don Segall,1
Don Simpson,58
Don Thompson,3
Donald Hudson,19
Donald Mustard,2
Donald Wilson,1
Donny Cates,245
Doug Booth,10
Doug Moench,624
Doug Molitor,1
Doug Murray,120
Doug Rice,43
Doug Wheatley,18
Doug Wildey,18
Douglas Booth,5
Douglas Braithwaite,399
Douglas Franchin,19
Douglas Petrie,27
Douglas Sloan,3
Draw Pictures,4
Drew Goddard,39
Drew Johnson,22
Drew Pearce,59
Drew Z. Greenberg,17
Duane Swierczynski,118
Duffy Boudreau,1
Dugan Trodglen,6
Duke Mighten,43
Duke Sandefur,1
Duncan Fegredo,22
Duncan Rouleau,33
Duncan Searl,1
Dustin Weaver,108
Dwain Worrell,14
Dwayne McDuffie,122
Dwayne Turner,51
Dwight Coye,8
Dwight Jon Zimmerman,35
Dylan Burnett,72
Dylan Park-Pettiford,2
E. Hoffmann Price,1
E.J. Su,12
E.R. Cruz,29
E.W. Swackhamer,1
Ed Barreto,20
Ed Benes,32
Ed Brisson,242
Ed Brubaker,247
Ed Hammond,1
Ed Hannigan,84
Ed Herron,11
Ed Lazellari,6
Ed McGuinness,171
Ed Moline,4
Ed Murr,2
Ed Piskor,138
Ed Robbins,47
Ed Simmons,1
Ed Valentine,11
Ed Winiarski,26
Edd Ashe,1
Eddie Campbell,9
Eddie Wagner,1
Edgar Allan Poe,6
Edgar Rice Burroughs,6
Edgar Salazar,14
Edgar Wright,17
Edmond Hamilton,1
Edmund Perryman,15
Eduardo Francisco,6
Eduardo Garcia,2
Eduardo Risso,4
Edward Hannigan,3
Edward Ricourt,2
Edward Ryan,1
Edwin L. Arnold,2
Eileen Fuentes,2
Electronic Arts,8
Elena Casagrande,8
Elenora Carlini,2
Eleonora Carlini,22
Eli Katz,179
Elia Bonetti,20
Eliot R. Brown,29
Elissa Karasik,9
Elliot Casey,27
Elliot S. Maggin,15
Elliott Casey,21
Elliott Kalan,199
Elman Brown,4
Elmer Cecil Stoner,1
Elmo Bondoc,47
Elsa Charretier,9
Eluki Bes Shahar,2
Elwin Ransom,5
Emanuela Lupacchino,26
Emi Lenox,1
Emilio Laiso,14
Emilio Urbano,7
Emily Kim,4
Emily Ryan Lerner,1
Emma Rios,40
Enid Balam,2
Enid Balám,4
Enis Cisic,1
Enrique Alcatena,89
Enrique Carrión,1
Enrique Puig,4
Enrique Romero,7
Enrique Villagran,3
Eoin Marron,9
"Epoch Co, Ltd.",17
Eric Basaldua,3
Eric Battle,43
Eric Blakeney,19
Eric Canete,8
Eric Cartier,4
Eric Engelhard,1
Eric Fein,39
Eric J. Cannon,18
Eric J. Moreels,110
Eric Jerome Dickey,1
Eric Karten,2
Eric Koda,3
Eric Laneuville,1
Eric Lewald,51
Eric Luke,1
Eric Lusk,2
Eric Martin,21
Eric Moreels,2
Eric Nguyen,32
Eric Palicki,1
Eric Pearson,37
Eric Powell,6
Eric Radomski,1
Eric Shanower,1
Eric Stephenson,50
Eric Towner,2
Eric Vedder,1
Erica D'Urso,19
Erica David,15
Erica Henderson,98
Erica Schultz,13
Erick Arciniega,2
Erik Burnham,13
Erik Doescher,7
Erik J. Larsen,125
Erik Oleson,8
Erik Sommers,79
Ernest Hart,40
Ernesto Chan,35
Ernie Colón,33
Ernie Stiner,3
Esad Ribić,243
Esdras Cristobal,1
Esteban Maroto,16
Ethan James Petty,76
Ethan Sacks,193
Ethan van Sciver,49
Eugene Son,171
Evan Dorkin,109
Evan Narcisse,22
Evan Shaner,16
Evan Skolnick,73
Evan Skolnik,3
Eve Ewing,17
Evelyn Gabai,4
Evert Geradts,1
Fabian Nicieza,1060
Fabiano Neves,64
Fabio Laguna,21
Fabrice Sapolsky,28
Fabrizio Fiorentino,27
Fabrizio Ugolini,10
Faith Erin Hicks,24
Farel Dalrymple,3
Farid Karami,45
Federica Manfredi,5
Federico Sabbatini,14
Federico Vicentini,34
Felipe Smith,46
Felix Ruiz,32
Ferg Handley,84
Fernando Blanco,84
Fico Ossio,16
Filipe Andrade,91
Fiona Avery,24
Flaviano Armentaro,108
Fletcher Hanks,4
Flint Dille,3
Flint Henry,2
Floro Dery,1
Fonda Lee,5
FoxNext Game Los Angeles,248
Fraja Bator,1
Fran Galán,2
Francesca Gailes,10
Francesco Artibani,26
Francesco Francavilla,87
Francesco Gaston,2
Francesco Manna,20
Francesco Mattina,1
Francesco Meo,10
Francesco Mobili,13
Francesco Mortarino,2
Franchesco Bufano,86
Francis Manapul,1
Francis Moss,11
Francis Portella,31
Francis Tsai,2
Francisco Chiaramonte,7
Francisco Herrera,25
Francisco Ruiz Velasco,8
Franck Michel,1
Frank Barbiere,15
Frank Belknap Long,2
Frank Borth,4
Frank Brunner,48
Frank Carin,1
Frank Cho,30
Frank Cirocco,1
Frank Dandrige,3
Frank Fosco,9
Frank Giacoia,19
Frank Gomez,1
Frank Hampson,4
Frank Herbert,1
Frank Lopez,1
Frank Lovece,1
Frank Marraffino,56
Frank Martin Jr.,1
Frank McLaughlin,1
Frank Miller,160
Frank Paur,2
Frank Pretsch,1
Frank Quitely,31
Frank Robbins,76
Frank Springer,82
Frank Squillace,17
Frank Teran,11
Frank Thomas,3
Frank Thorne,6
Frank Tieri,389
Frank Toscano,5
Frank Turner,4
Frank W. Bolle,8
Franz Kafka,2
Frazer Irving,38
Fred Bell,6
Fred Blosser,2
Fred Burke,1
Fred Carrillo,1
Fred Fredericks,1
Fred Guardineer,7
Fred Halliday,33
Fred Haynes,40
Fred Hembeck,509
Fred Kida,35
Fred Mendez,2
Fred Schiller,3
Fred Schwab,8
Fred Schwartz,4
Fred Van Lente,778
Freddy Syborn,3
Frederic Brown,1
Frederik Pohl,2
Fumi Tsubota,26
Funko,28
G. Willow Wilson,163
Gabby Rivera,19
Gabe Schechter,1
Gabriel Ferrari,11
Gabriel Frizzera,3
Gabriel Guzman,4
Gabriel Hardman,101
Gabriel Hernandez Walta,88
Gabriel Morrissette,2
Gabriel Shechter,17
Gabriele Dell'Otto,13
Gail Simone,80
Gameloft,350
Gang Hyuk Lim,14
Gardner Fox,62
Garry Brown,11
Garry Leach,26
Garth Ennis,452
Gary Barker,1
Gary Barnum,8
Gary Choo,6
Gary Cohn,2
Gary Erskine,52
Gary Fields,18
Gary Frank,89
Gary Friedrich,220
Gary Graham,1
Gary Greenfield,4
Gary Hallgren,7
Gary Hartle,27
Gary Kwapisz,122
Gary Martin,6
Gary Russell,10
Gavin Curtis,45
Gavin Highnight,3
Gavin Hignight,14
Gazillion Entertainment,92
Gene Colan,658
Gene Day,19
Gene Ha,39
Gene Luen Yang,50
Gene Simmons,3
Geneva Robertson-Dworet,23
Genndy Tartakovsky,9
Geof Isherwood,117
Geoff Barbanell,14
Geoff Johns,56
Geoff Senior,98
Geoff Shaw,62
Geoffo,11
Geoffrey Thorne,56
George Alec Effinger,41
George Caragonne,125
George Evans,15
George Freeman,7
George Gordon,1
George Harrison,3
George Kapitan,17
George Kitson,17
George Klein,13
George McNeill,2
George Peter,1
George Pratt,2
George Pérez,349
George Roussos,1
George S. Elrick,1
George Tuska,287
George Wildman,1
George Woodbridge,2
Georges Duarte,9
Georges Jeanty,84
Gerald DeCaire,8
Gerald Di Pego,11
Gerald Parel,8
Geraldo Borges,17
Gerard Jones,200
Gerard Way,21
Gerardo Sandoval,182
Gerardo Zaffino,8
Germán García,11
Germán Peralta,108
Gerry Conway,835
Gerry Duggan,651
Giancarlo Caracuzzo,3
Gianluca Gugliotta,8
Giannis Milogiannis,1
Giannis Milonogiannis,18
Gilles Wheeler,1
Gino DiCicco,5
Giorgio Cavazzano,1
Giorgio Lavagna,1
Giovanni Valletta,2
Giuseppe Camuncoli,279
Glen A. Larson,7
Glen Berger,29
Glenn Dakin,74
Glenn Fabry,16
Glenn Greenberg,35
Glenn Herdling,193
Glenn Leopold,30
Gloria Katz,9
Glynis Oliver,4
Goran Parlov,172
Goran Sudzuka,60
Gordon Kent,3
Gordon Purcell,34
Grace Freud,10
Grace Randolph,10
Gracine Tanaka,2
Graham Higgins,10
Graham Marks,18
Graham Nolan,40
Grant Calof,6
Grant Miehm,41
Grant Moran,6
Grant Morrison,191
Grant Nelson,5
Grant Simmons,1
Gray Morrow,8
Greg Adams,5
Greg Blair,11
Greg Capullo,113
Greg Hildebrandt,8
Greg Horn,4
Greg Johnson,492
Greg Keyes,17
Greg Land,267
Greg LaRocque,193
Greg Luzniak,65
Greg Pak,804
Greg Rucka,88
Greg Scott,13
Greg Smallwood,21
Greg Titus,10
Greg Tocchini,29
Greg Weisman,60
Gregg Hurwitz,22
Gregg Schigiel,304
Gregory Homs,5
Gregory S. Dinallo,1
Gregory Wright,173
Gretchen Enders,4
Gretel Lusky,3
Griffin McElroy,10
Griptonite Games,3
Guang Yap,5
Guido Guidi,2
Guillermo Mogorron,4
Guillermo Sanna Bauza,26
Guiu Vilanova,21
Gurihiru,309
Guru-eFX,6
Gus Hetman,10
Gus Ricca,4
Gus Vazquez,29
Gustav Schrotter,41
Gustavo Duarte,68
Guy Davis,15
Guy Dorian,3
Gwen Dibley,9
Gérald Forton,11
H. Rider Haggard,1
H.E. Edgmon,1
H.G. Wells,9
Hachi Mizuno,2
Hack Shack Studios,5
Haden Blackman,53
Hajime Isayama,8
Hal Sharp,3
Halima Lucas,3
Hank Kanalz,6
Hannah Blumenreich,3
Hannah MacLeod,35
Hans Rodionoff,20
Harlan Ellison,24
Harold De Lay,3
Harold DeLay,2
Harrison Wilcox,5
Harry Anderson,3
Harry Bates,1
Harry Douglas,8
Harry Fisk,4
Harry Fraser,5
Harry Lazarus,10
Harry Ramsey,2
Harry Sahle,60
Harvey Tolibao,71
Hawk Ostby,39
Hazel Heald,2
Heather Antos,1
Heather Quinn,6
Hector Collazo,13
Hector Sevilla Lujan,22
Heitor Oliveira,7
Helen Chen,13
Helen Sugland,1
Helena Blavatsky,1
Henry Abrams,7
Henry Candelario,9
Henry Flint,3
Henry Gilroy,38
Henry Kuttner,1
Henry Leo Fraction-DeConnick,1
Henry Martinez,19
Henry P. Chapman,89
Herbert J. Martin,1
Herbert Trimpe,579
Herman Melville,4
Hideki Hiroshima,1
Hideo Takayashiki,4
Hikaru Uesugi,7
Hilary Barta,93
"Hilly Hicks, Jr.",2
Hiroshi Hamasaki,1
Hoang Nguyen,14
Hollis Bright,13
Homer,9
Horacio Domingues,21
Howard Bender,6
Howard Chaykin,217
Howard James,4
Howard Mackie,689
Howard O'Donnell,2
Howard Phillips Lovecraft,73
Howard Porter,22
Howard Purcell,9
Howard Simpson,1
Howard Wong,1
Hugh Haynes,38
Humberto Ramos,281
Hy Rosen,4
Héctor Gómez,48
Ian Akin,13
Ian Boothby,1
Ian Churchill,42
Ian Edginton,129
Ian Fleming,2
Ian Gibson,2
Ian Rimmer,1
Iban Coello,265
Ibrahim Moustafa,9
Ibraim Roberson,65
Iden Baghdadchi,18
Ig Guara,80
Ignacio Calero,4
Igor Kordey,68
InHyuk Lee,14
Iolanda Zanfardino,1
Ira Turek,32
Irene Koh,7
Irene Strychalski,10
Irene Y. Lee,1
Irving Werstein,3
Irwin Hasen,8
Irwin Shapiro,8
Isaac Cordova,2
Isaac M. del Rivero,1
Ishinomori Shotaro,1
Itai Grunfeld,14
Ivan Allen,2
Ivan Brandon,51
Ivan Fiorelli,6
Ivan Raimi,9
Ivan Reis,46
Ivan Rodriguez,7
"Ivan Velez, Jr.",65
J. Michael Straczynski,345
J. Scott Campbell,4
J. Tom Pogue,16
J. Torres,26
J.G. Jones,66
J.H. Williams III,16
J.J. Abrams,7
J.J. Birch,20
J.J. Kirby,39
J.K. Woodward,1
J.L. Giles,2
J.M. DeMatteis,598
J.T. Krul,6
Jac Schaeffer,14
Jacen Burrows,28
Jack Abel,10
Jack Alderman,19
Jack Binder,27
Jack D'Arcy,10
Jack Davis,5
Jack Hanrahan,34
Jack Harris,23
Jack Katz,6
Jack Keller,62
Jack Kirby,1958
Jack Mendelsohn,3
Jack Ross,0
Jack Sholder,17
Jack Sparling,5
Jackson Guice,225
Jackson Lanzing,10
Jacob Chabot,312
Jacob Pander,1
Jacob Rougemont,22
Jacob Semahn,64
Jacopo Camagni,62
Jacqueline Gailes,10
Jae Lee,83
Jae Tsai,1
Jae Woo Kim,2
Jahnoy Lindsay,1
Jai Nitz,3
Jaime Gomez,7
Jake Bilbao,3
Jake Parker,12
Jake Wyatt,15
Jamal Igle,12
James Asmus,55
James Blackburn,2
James Brock,12
James C. Oliver,11
James Calafiore,541
James Califiore,1
James Callahan,2
James Cawthorn,10
James Cordeiro,11
James D. Parriott,2
James Daly,17
James Felder,43
James Fenimore Cooper,1
James Fry,100
James G. Hirsch,3
James Gifford,2
James Gunn,111
James Harren,13
James Hilton,1
James Hudnall,121
James Krieg,51
James Leach,1
James Malcolm Rymer,1
James Mangold,33
James Monroe Iglehart,2
James Mullaney,3
James Palmiotti,39
James Peatty,2
James Peaty,3
James Raiz,16
James Robinson,263
James Rose,1
James Sanders III,4
James Schamus,17
James Stokoe,25
James Sturm,6
James Tynion IV,1
James Vanderbilt,37
Jamie Delano,34
Jamie King,2
Jamie McKelvie,103
Jamie Mendoza,4
Jamie Tolagson,8
Jan Bazaldua,60
Jan Duursema,33
Jan Strnad,35
Jan,46
Jane Austen,1
Jane Goldman,27
Janet Gari,1
Jaron Summers,3
Jason Aaron,999
Jason Armstrong,23
Jason Brett,8
Jason Copland,50
Jason Craig,3
Jason Harvey,67
Jason Henderson,26
Jason Holtham,72
Jason Horwitch,9
Jason Keith,1
Jason Latour,270
Jason Lazarcheck,1
Jason Lethcoe,1
Jason Loo,19
Jason Mantzoukas,1
Jason Masters,37
Jason Miller,2
Jason Muhr,6
Jason Pearson,12
Jason Quinn,37
Jason Shawn Alexander,8
Jason Starr,6
Jason Trent Pearson,7
Javier Fernandez,10
Javier Garrón,105
Javier Grillo-Marxuach,25
Javier Mena Guerrero,1
Javier Pina,30
Javier Pulido,56
Javier Rodríguez,299
Javier Saltares,114
Jay Anacleto,5
Jay Faerber,110
Jay Fletcher,1
Jay Fosgitt,7
Jay Hawk,2
Jay Scott Pike,19
Jean Thomas,71
Jean-David Morvan,7
Jean-Marc Lofficier,38
Jed MacKay,193
Jed Whedon,167
Jeevan Kang,13
Jeff Albrecht,4
Jeff Allen,22
Jeff Anderson,1
Jeff Butler,11
Jeff Christiansen,101
Jeff Grubb,1
Jeff Houde,6
Jeff Jensen,27
Jeff Johnson,36
Jeff King,4
Jeff Lafferty,15
Jeff Lemire,224
Jeff Loveness,75
Jeff Matsuda,42
Jeff Moore,4
Jeff Palmer,2
Jeff Parker,819
Jeff Pinkner,25
Jeff Purves,23
Jeff Rebner,3
Jeff Saylor,4
Jeff Scott,1
Jeff Smith,3
Jeff Wamester,1
Jeffrey Bell,25
Jeffrey Cruz,60
Jeffrey M. Howard,19
Jeffrey Moore,1
Jeffrey Scott,48
Jefte Palo,60
Jen Bartel,6
Jen Soska,13
Jen Van Meter,43
Jenna McGrath,4
Jenna Reback,1
Jennifer Kaytin Robinson,35
Jennifer Muro,3
Jenny Klein,1
Jenny Lynn,4
Jeph Loeb,287
Jeph York,13
Jerad S. Marantz,1
Jeremy Adams,2
Jeremy Haun,1
Jeremy Holt,1
Jeremy Slater,21
Jeremy Treece,2
Jeremy Whitley,68
Jerome Moore,1
Jerome Opeña,44
Jerry Bingham,58
Jerry Epperson,1
Jerry Novick,1
Jerry Ordway,81
Jerry Paris,2
Jerry Robinson,11
Jerry Siegel,9
Jerry Siegle,1
Jess Harrold,5
Jess Jodloman,8
Jess Winfield,3
Jesse Alexander,1
Jesse Bochco,1
Jesse Duffy,5
Jesse Falcon,157
Jessica Gao,12
Jesus Blasco,1
Jesus Redondo,1
Jesus Saiz,0
Jesús Manuel Peña Rego,2
Jesús Merino,3
Jesús Saíz,50
Jethro Morales,5
Jheremy Raapack,2
Jiehae Park,1
Jill Sherman,11
Jim Alexander,12
Jim Amash,25
Jim Balent,7
Jim Butcher,4
Jim Callahan,12
Jim Campolongo,4
Jim Carlson,1
Jim Cheung,190
Jim Craig,62
Jim Dunn,6
Jim Fern,12
Jim Fletcher,6
Jim Hall,3
Jim Janes,2
Jim Krueger,822
Jim Lawrence,15
Jim Lee,196
Jim Mahfood,213
Jim McCann,193
Jim McLaughlin,1
Jim Mooney,154
Jim Muniz,27
Jim Newsome,17
Jim Reddington,15
Jim Salicrup,77
Jim Sherman,10
Jim Shooter,234
Jim Siergey,1
Jim Starlin,527
Jim Steranko,54
Jim Tisdale,1
Jim Towe,72
Jim Valentino,479
Jim Warden,5
Jim Zub,206
Jimmy James,2
Jimmy Palmiotti,163
Jimmy Thompson,59
Jo Chen,2
Joanna Estep,16
Jocelyn Baxter,76
Jock,3
Jodi Nishijima,10
Jody Houser,43
Joe Ahearne,12
Joe Albelo,128
Joe Bennet,3
Joe Bennett,241
Joe Brozowski,8
Joe Cal Cagno,18
Joe Caramagna,25
Joe Casey,141
Joe Chiodo,6
Joe Cornish,17
Joe Edkin,9
Joe Fallon,4
Joe Fonteriz,3
Joe Gill,14
Joe Johnson,1
Joe Johnston,1
Joe Jusko,9
Joe Keatinge,109
Joe Kelly,219
Joe Kubert,11
Joe Madureira,86
Joe Maneely,129
Joe Meno,7
Joe Millard,1
Joe Moore,191
Joe Orlando,10
Joe Phillips,14
Joe Pokaski,59
Joe Pruett,57
Joe Quesada,154
Joe Quinones,102
Joe R. Lansdale,7
Joe Robert Cole,42
Joe Rubinstein,1
Joe Russo,8
Joe Simon,196
Joe Sinnott,127
Joe St. Pierre,41
Joe Staton,19
Joe Suitor,5
Joe Vriens,15
Joel Don Humphreys,2
Joel Thomas,1
Joel Zulueta,10
Joelle Jones,4
Joelle Sellner,6
Joey Cavalieri,33
Joey Vazquez,12
John Albano,2
John Arcudi,37
John Barber,38
John Beatty,2
John Bogdanove,10
John Bolton,26
John Boni,2
John Bridges,5
John Burns,6
John Buscema,1142
John Byrne,1143
John C. Kelley,4
John Calimee,40
John Caponigro,2
John Carnell,1
John Cassaday,62
John Cerilli,186
John Charles,1
John Cleary,1
John Compton,2
John Costanza,16
John Czop,10
John Dell,5
John Dennis,4
John DeVore,6
John Dokes,2
John Estes,2
John Fang,4
John Figueroa,21
John Forte,12
John Francis Daley,37
John Francis Moore,465
John Freeman,30
John Gibbs,1
John Giunta,1
John H. Compton,3
John Haward,5
John Hebert,31
John Heebink,9
John Higgins,28
John Hixson,3
John Jackson Miller,17
John Jakes,8
John K. Snyder III,2
John Layman,159
John Lewandowski,12
John Loy,6
John Lucas,1
John McCrea,49
John Morelli,9
John Mould,1
John Ney Rieber,13
John Norwood Fago,6
John Nyberg,4
John Ostrander,123
John Paul Leon,285
John Raymond,7
John Rhett Thomas,8
John Ridgway,21
John Ridley,41
John Romita Jr.,663
John Romita Sr.,206
John Ross,62
John Royle,102
John Rozum,66
John Semper,187
John Severin,59
John Shirley,1
John Smith,4
John Stafford,46
John Stanisci,12
John Statema,25
John Stokes,28
John Stuart,2
John Tartaglione,5
John Timms,24
John Tomlinson,39
John Totleben,15
John Turman,26
John Van Fleet,7
John Verpoorten,4
John W. Bloch,5
John Wagner,6
John Warner,47
John Watkiss,5
John Wellington,7
John Wilburn,1
John William Polidori,3
John Wyndham,1
John Zurhellen,29
John Zuur Platten,3
Johnny Craig,16
Johnny Greene,8
Johnny Ryan,4
Johnny Timmons,1
Jon Adams,5
Jon Babcock,1
Jon Bogdanove,103
Jon Buran,3
Jon D’agostino,5
Jon Favreau,13
Jon Gutierrez,173
Jon Haward,22
Jon J. Muth,8
Jon Lam,1
Jon Malin,4
Jon Paquette,142
Jon Peterson,1
Jon Proctor,10
Jon Sommariva,34
Jon Spaihts,5
Jon Stateman,4
Jon Watts,77
Jon Worley,4
Jonas Scharf,28
Jonathan Adams,1
Jonathan Bach,1
Jonathan Couper-Smartt,5
Jonathan Danforth-Appell,2
Jonathan Goldstein,37
Jonathan Hensleigh,19
Jonathan Hickman,1286
Jonathan Igla,30
Jonathan Lethem,3
Jonathan Luna,1
Jonathan Maberry,307
Jonathan Marks,9
Jonathan Swift,5
Jonboy Meyers,32
Jordan Blum,93
Jordan D. White,1
Jordan Ifueko,15
Jordan Peterson,37
Jordan Roberts,20
Jordi Alfonso,1
Jordie Bellaire,20
Jorge Coelho,3
Jorge Fornes,11
Jorge Gonzales,51
Jorge Lucas,91
Jorge Molina,242
Jorge Santamaria,3
Jorge Zaffino,16
Jose Delbo,35
Jose Molina,19
Jose Pimentel,3
Josef Rubinstein,6
Joseph Barbera,32
Joseph Dodd,9
Joseph Goodrich,3
Joseph Harris,36
Joseph John Barney,15
Joseph Linsner,13
Joseph Poland,5
Joseph Russo,1
Joseph Silva,3
Joseph Torres,1
Josh Boone,16
Josh Gordon,12
Josh Haber,5
Josh Herman,1
Josh Hood,3
Josh Nizzi,5
Josh Ray,6
Josh Schwartz,42
Josh Sky,5
Josh Trank,14
Josh Trujillo,11
Josh Williamson,3
Joshua Cassara,38
Joshua Corin,14
Joshua Fine,38
Joshua Hale Fialkov,90
Joshua James Shaw,5
Joshua Luna,1
Joshua Middleton,18
Joshua Ortega,3
Joshua Sky,4
Joshua Williamson,209
Joss Whedon,120
José Carlos Silva,32
José Ladrönn,47
José Luis Durán,19
José Luis García-López,22
José Marzan Jr.,1
Joy Kecken,1
Joyce Chin,11
João Lemos,11
Joëlle Jones,1
Juan Alacantara,4
Juan Bobillo,99
Juan Cabal,101
Juan Cano,5
Juan Doe,21
Juan Ferreyra,33
Juan Frigeri,26
Juan Gedeon,45
Juan Jose Ryp,13
Juan M. Frigeri,1
Juan Ponce,1
Juan Román Cano,5
Juan Samu,7
Juan Santacruz,35
Juanan Ramírez,53
Judd Winick,419
Judith Hunt,1
Judith O'Brien,13
Judy Bogdanove,1
Jules Dennis,7
Jules Verne,5
Julia Jane Lewald,6
Julia Lewald,5
Julian Lopez,3
Julian Shaw,19
Julian Tedesco,51
Julian Totino Tedesco,7
Julianne Klemm,8
Julie Huffman,1
Julie Taymor,29
Julien Magnat,10
Julius Ohta,13
June Brigman,84
June Patterson,37
Juni Ba,2
Justin Aclin,7
Justin Gray,45
Justin Jordan,8
Justin Mason,21
Justin McElroy,10
Justin Sloan,1
Justin Theroux,23
Justin Thyme,17
Justiniano,61
Juvaun J. Kirby,23
K.H. Kanalz,1
Kaare Kyle Andrews,94
Kabam,544
Kalinda Vazquez,14
Kalman Andrasofszky,20
Kano,37
Kara Brown,3
Karama Horne,1
Karen Harris,12
Karen Milovich,3
Karen S. Darboe,1
Karl Bollers,239
"Karl Heitmueller, Jr.",30
Karl Kerschl,39
Karl Kesel,605
Karl Moline,8
Karl Rusnak,3
Karl Story,3
Karl Waller,1
Karla Pacheco,29
Kasper Hartman,76
Kat Coiro,2
Kate Brown,1
Kate Gritmon,5
Kate Kondell,19
Kate Leth,24
Kate Niemczyk,23
Kate Rorick,3
Katherine Lawrence,2
Kathryn Immonen,38
Kathryn Kuder,2
Katie Cook,53
Katrina Mathewson,1
Kaz Firpo,18
Kazuki Takahashi,4
Keaton Patti,20
Kei Kobayashi,8
Kei Zama,27
Keith Champagne,11
Keith Giffen,190
Keith Laumer,1
Keith P. Aiken,1
Keith Pollard,243
Keith R.A. DeCandido,6
Keith Williams,8
Keith Wilson,55
Kelley Jones,55
Kelly Corvese,12
Kelly Krantz,9
Kelly Marcel,18
Kelly Sue DeConnick,89
Kelly Thompson,199
Kelsey Beachum,116
Kelsey Shannon,3
Ken Bald,66
Ken Cunningham,21
Ken Kristensen,7
Ken Lashley,142
Ken Levine,15
Ken McDonald,6
Ken Niimura,1
Ken Ogino,1
Ken Pontac,2
Ken Siu-Chong,23
Ken Steacy,11
Kendall Rogers,1
Kengo Kaji,1
Kenneth Johnson,20
Kenneth Kolb,1
Kenneth Rocafort,16
Kenny Martinez,1
Kent Williams,8
Kenta Fukasaku,12
Kermit Jaediker,3
Keron Grant,28
Kerry Gammill,55
Keu Cha,2
Kevin Bolk,2
Kevin Burke,150
Kevin Cannon,7
Kevin Conrad,1
Kevin Garcia,12
Kevin Grevioux,188
Kevin Gunstone,3
Kevin Hopgood,60
Kevin Hopps,17
Kevin J. Anderson,3
Kevin Kobasic,24
Kevin Lau,32
Kevin Libranda,25
Kevin Maguire,102
Kevin Maurer,37
Kevin Nowlan,16
Kevin Rock,9
Kevin Sharpe,96
Kevin Shinick,71
Kevin Smith,19
Kevin Sutherland,2
Kevin Tancharoen,1
Kevin VanHook,1
Kevin Walker,181
Kevin West,105
Khari Evans,22
Khary Randolph,34
Khato,4
Khoi Pham,82
Kia Asamiya,4
Kieron Dwyer,70
Kieron Gillen,494
Killian Plunkett,24
Kim Jacinto,50
Kim Johnson,2
Kimberly Senior,23
Kin Platt,2
King Ryū,91
King Ward,2
Kirk A. Moore,16
Kirk Jarvinen,11
Kirk van Wormer,10
Kirkowood Studios,2
Kirsten Lepore,2
Kirsten Sinclair,1
Kit Pearson,6
Kitty Fross,11
Kitty Richards,1
Klaus Janson,168
Klaus Nordling,6
Klebs Jr.,2
Kody Chamberlain,18
Kohei Ota,116
Koi Turnball,37
Kolfax Mingo,3
Konami,5
Kris Anka,97
Kris Justice,1
Kris Renkewitz,4
Kristian Donaldson,1
Kurt Braunohler,17
Kurt Busiek,1352
Kyle Baker,93
Kyle Bradstreet,22
Kyle Charles,3
Kyle Higgins,20
Kyle Hotz,105
Kyle Sims,5
Kyle Starks,1
Kyle Strahm,7
Kōichi Takemoto,2
L. Bing,1
L. Daniel LaBrune,1
L. Frank Baum,1
L. Sprague de Camp,92
Lalit Kumar Sharma,14
Lan Medina,112
Lance Tooks,1
Langdon Foss,16
Lanna Souvanny,1
Larry Alexander,35
Larry Antonette,11
Larry Brody,49
Larry Dixon,2
Larry Hama,345
Larry Houston,24
Larry Ivie,7
Larry Lieber,443
Larry Niven,1
Larry Parr,29
Larry Stroman,198
Larry Woromay,2
Larry Yakata,12
Laura Braga,29
Laura Donney,1
Laurell K. Hamilton,1
Lauren LeFranc,21
Lauren Schmidt Hissrich,17
Lauren Sodja Otero,10
Laurence Campbell,57
Laurenn McCubbin,1
Laurie Sutton,1
Lawrence Block,8
Lawrence Brown,1
Lawrence Watt-Evans,3
Lea Hernandez,5
Leah Williams,39
Leandro Fernández,201
Lee Allred,3
Lee Bermejo,6
Lee Black,13
Lee Elias,25
Lee Ferguson,37
Lee Garbett,126
Lee Moder,6
Lee Stevens,12
Lee Weeks,177
Leinil Francis Yu,232
Len Kaminski,444
Len Strazewski,60
Len Uhley,22
Len Wein,426
Lenard McKelvey,1
Lennie Herman,4
Leo Duranona,1
Leo Riley,1
Leon Lazarus,7
Leonard Carpenter,2
Leonard Kirk,278
Leonardo Manco,90
Leonardo Romero,62
Leonel Castellani,4
Lester Dent,15
LeUyen Pham,1
Lew Stringer,26
Lewaa Nasserdeen,1
Lewis LaRosa,35
Liam Sharp,85
Lilah Sturges,31
Lilla Zuckerman,14
Lin Carter,187
Lin Streeter,11
Linda Fite,10
Linda Grant,5
Linda Karas,4
Linda Lee Karas,5
Lindsey Allen,5
Lionel E. Siegel,1
Lisa Hawkins,1
Lisa Muse Bryant,2
Lisa Randolph,1
Lissa Treiman,1
Liz Friedman,2
Liz Hara,1
Liza Palmer,8
LJN,1
Lloyd Jacquet,1
Locke,1
Logan Faerber,4
Logan Lubera,14
Lombardia,1
Long Vo,1
Lonnie Nadler,49
Lorenzo Susi,1
Lou Ferstadt,3
Lou Harrison,2
Lou Kang,18
Lou Mougin,7
Louis Cazeneuve,10
Louis D'Esposito,2
Louis Ferstadt,3
Louis Ravielli,3
Louis Williams,8
Louise Jones,5
Louise Simonson,364
Lovern Kindzierski,6
Luca Hakkarainen,1
Luca Maresca,10
Luca Pizzari,69
Lucas Hazlett,9
Lucas Werneck,90
Luciano Lima,1
Luciano Vecchio,23
Lucio Parrillo,37
Luigi Zagaria,3
Luke Kalteux,6
Luke McDonnell,112
Luke Ross,116
Lysa Hawkins,9
M. Raven Metzner,4
M.A. Sepulveda,1
M.C. Wyman,75
Mac Pakula,3
Mac Raboy,1
Mackenzi Lee,4
MacKenzie Cadenhead,1
Mackenzie Dohr,2
Maddie Blaustein,17
Madison Carter,92
Mae Catt,7
Magdalene Visaggio,6
Maggie Thompson,2
Mahmud Asrar,105
Mairghread Scott,53
Makoto Koyama,1
Makoto Nakatsuka,34
Makoto Shibata,116
Malcolm Davis,26
Malcolm Kildale,2
Malcolm Spellman,13
Mallory Rosenthal,1
Man of Action,163
Manly Wade Wellman,1
Mannie Banks,3
Manny Clark,19
Manny Galan,98
Manny Mederos,1
Manny Stallman,2
Manuel Garcia,166
Manuel Gutierrez,23
Manuela Razzi,7
Many Hands,3
Marat Mychaels,16
Marc Andreyko,73
Marc Bernardin,20
Marc Borstel,5
Marc Campos,7
Marc Cerasini,1
Marc Guggenheim,338
Marc Jobst,1
Marc Laming,30
Marc Silvestri,163
Marc Siry,29
Marc Sumerak,848
Marc Turndorf,66
Marc Webb,5
Marc-Oliver Frisch,5
Marcelo Dichiara,63
Marcelo Ferreira,27
Marcelo Frusin,1
Marcie Ulin,3
Marcio Fiorito,21
Marcio Menyz,1
Marcio Takara,36
Marco Castiello,14
Marco Checchetto,124
Marco Failla,44
Marco Ramirez,36
Marco Rudy,43
Marco Santucci,9
Marco Turini,17
Marcos Martín,51
Marcos Tetelli,3
Marcus J. Guillory,3
Marcus McLaurin,68
Marcus To,114
Marek Walton,35
Margaret Clark,72
Margaret Dunlap,2
Margaret Stohl,77
Margarita Vaisman,23
Margot Blankier,1
Marguerite Bennett,154
Marguerite Sauvage,30
Maria Lapham,1
Maria-Emiko Macuaga,1
Mariano Nicieza,59
Marie DeMarco,1
Marie Javins,1
Marie Severin,169
Marika Cresta,7
Mariko Tamaki,113
Mario Alberti,6
Mario Del Pennino,38
Mario DeMarco,2
Mario Guevara,4
Mario Gully,7
Maris Wicks,9
Marjorie Liu,69
Mark Andreyko,5
Mark Armstrong,52
Mark Badger,7
Mark Bagley,959
Mark Banker,26
Mark Basso,6
Mark Beachum,15
Mark Bernardo,91
Mark Bomback,10
Mark Braun,25
Mark Bright,103
Mark Brooks,101
Mark Buckingham,56
Mark Edward Edens,51
Mark Evanier,19
Mark Farmer,39
Mark Fergus,39
Mark Frost,36
Mark Gruenwald,753
Mark Heike,2
Mark Henry,5
Mark Hester,1
Mark Hoffmeier,246
Mark Leitner,3
Mark Lerer,12
Mark Linehan Bruner,1
Mark McKenna,2
Mark Millar,658
Mark Miraglia,1
Mark Morales,21
Mark Moretti,1
Mark Nelson,8
Mark O'English,31
Mark Onspaugh,12
Mark Pacella,49
Mark Pajarillo,7
Mark Paniccia,27
Mark Parsons,7
Mark Pennington,1
Mark Protosevich,14
Mark Ricketts,3
Mark Robinson,8
Mark Runyan,2
Mark Russell,26
Mark Sable,28
Mark Schorer,3
Mark Schultz,1
Mark Simmons,1
Mark Steven Johnson,38
Mark Tenney,7
Mark Tenny,1
Mark Texeira,145
Mark Texiera,3
Mark Twain,3
Mark Verheiden,5
Mark Waid,767
Mark Walters,33
Marko Djurdjevic,8
Markus Ettinger,2
Markus Raymond,14
Marley Clark,3
Marly Halpern-Graser,43
Marsha F. Griffin,1
Marsha Griffin,8
Marshall Rogers,62
Marte Gracia,10
Martha Moran,1
Martha Thomases,8
Martin A. Burnstein,10
Martin Chaplin,1
Martin Coccolo,21
Martin Egeland,5
Martin Nodell,3
Martin Rosenthall,2
Martin Signore,7
Martin Simmonds,1
Marty Isenberg,138
Marv Wolfman,691
Mary Bierbaum,1
Mary Choi,4
Mary Jo Duffy,157
Mary Mintzer,4
Mary Mitchell,2
Mary Shelley,16
Mary Skrenes,19
Mary Wilshire,15
Mat Broome,22
Mathew Hyde,1
Matt Baker,3
Matt Camp,1
Matt Cherniss,72
Matt Davidson,19
Matt Fox,1
Matt Fraction,563
Matt Haley,6
Matt Hastings,1
Matt Hollingsworth,1
Matt Holloway,64
Matt Horak,205
Matt Idelson,2
Matt Kindt,45
Matt Nix,41
Matt Nixon,21
Matt Owens,11
Matt Ryan,4
Matt Sazama,4
Matt Selman,2
Matt Smith,35
Matt Soell,1
Matt Southworth,1
Matt Wagner,1
Matt Wayne,87
Matt Webb,1
Matt Yocum,3
Matteo Borghese,2
Matteo Buffagni,37
Matteo Casali,18
Matteo Lolli,206
Matteo Scalera,15
Matthew Chauncey,188
Matthew Clark,11
Matthew Garcia-Dunn,144
Matthew J. Powers,17
Matthew Jorgensen,17
Matthew K. Manning,58
Matthew Lopes,3
Matthew Marsilia,5
Matthew Morra,8
Matthew Orton,3
Matthew Rhoades,6
Matthew Roades,17
Matthew Rosenberg,155
Matthew Southworth,15
Matthew Vaughn,27
Mattia De Iulis,19
Maurene Goo,4
Maurice Del Bourgo,3
Maurice Gutwirth,7
Maurissa Tancharoen,153
Mauro Belfiore,2
Mauro Vargas,9
Max Bemis,100
Max Douglas,3
Max Dunbar,7
Max Dweck,3
Max Fiumara,7
Maxwell Stockbridge,1
Meera Menon,6
Meg LeFauve,23
Meg McLaughlin,27
Megan McDonnell,10
Megan Wilson,22
Melissa Edwards,6
Melissa Hunter,3
Melissa Rosenberg,48
Melville Henry,3
Melvin Rubi,42
Meredith Finch,1
Meredith Lavender,3
Merrill Hagan,5
Method Man,1
Micah Gunnell,3
Micah Schraft,8
Michael Avon Oeming,50
Michael Bair,32
Michael Bennent,34
Michael Breault,24
Michael Broussard,4
Michael Carlin,156
Michael Chabon,12
Michael Cho,23
Michael D. Allred,201
Michael Del Mundo,64
Michael Dialynas,9
Michael Docherty,54
Michael Dougherty,64
Michael Dowling,4
Michael Edens,92
Michael Eury,47
Michael Fleisher,114
Michael Fong,3
Michael France,63
Michael Gallagher,145
Michael Gaydos,139
Michael Giacchino,4
Michael Golden,92
Michael Green,27
Michael Higgins,67
Michael Horwitz,2
Michael Hoskin,117
Michael Humes,2
Michael Jan Friedman,10
Michael Jones-Morales,2
Michael Kastelein,8
Michael Kupperman,71
Michael Lark,45
Michael Lopez,9
Michael Merton,4
Michael Moorcock,15
Michael Moreci,1
Michael Nasser,2
Michael O'Hare,9
Michael Ploog,100
Michael R. Gerard,2
Michael Reaves,57
Michael Resnick,1
Michael Ryan,160
Michael Shelfer,8
Michael Siporin,14
Michael Spicer,11
Michael Stewart,2
Michael Suayan,42
Michael T. Gilbert,6
Michael Thomas,3
Michael Vukadinovich,1
Michael Waldron,61
Michael Walsh,120
Michael YG,2
Michael Zeck,182
Michael Zulli,6
Michal Dutkiewicz,1
Michel Fiffe,40
Michel Gariepy,2
Michel Lacombe,6
Michele Bandini,63
Michele Fazekas,5
Michele Medda,2
Michi Fujimoto,8
Mick Anglo,11
Mick Austin,3
Mick Bertilorenzi,2
Mick Gray,10
Mickey Spillane,9
Migdia Skarsgård Chinea,10
Migdia Varela,1
Mighty Bullpen,1
Miguel Ferrer,7
Miguel Jiron,11
Miguel Munera,8
Miguel Ángel Sepúlveda,114
Mike Baron,159
Mike Becker,4
Mike Benson,49
Mike Bowden,1
Mike Carey,421
Mike Choi,29
Mike Christian,1
Mike Collins,34
Mike Costa,161
Mike DeCarlo,2
Mike Deodato Jr.,292
Mike Dowling,1
Mike Esposito,53
Mike Fasolo,5
Mike Fichera,33
Mike Friedrich,122
Mike Gagnon,6
Mike Gallagher,175
Mike Getty,18
Mike Grell,31
Mike Gustovich,25
Mike Harris,19
Mike Hawthorne,91
Mike Henderson,67
Mike Higgins,15
Mike Kaluta,8
Mike Kanterovich,62
Mike Kazaleh,2
Mike Lackey,73
Mike Lilly,1
Mike Machlin,1
Mike Manley,58
Mike Mayhew,17
Mike McKone,480
Mike Mellor,40
Mike Mignola,56
Mike Miller,33
Mike Norton,92
Mike O'Sullivan,13
Mike Parobeck,1
Mike Pasciullo,1
Mike Perkins,125
Mike Raicht,107
Mike Robard,1
Mike Rockwitz,11
Mike Roy,14
Mike Royer,4
Mike Ryan,1
Mike Saenz,4
Mike Sekowsky,121
Mike Sellers,1
Mike Suchorsky,7
Mike Vosburg,111
Mike W. Barr,95
Mike Wieringo,172
Miles Millar,11
Miljenko Horvatic,1
Milx,2
Mimi Gold,3
Min S. Ku,11
Minck Oosterveer,2
Mindy Newell,7
Ming Doyle,17
Minkie Spiro,1
Minkyu Jung,6
Mirco Pierfederici,83
Mirka Andolfo,3
Mirko Colak,8
Mitch Breitweiser,49
Mitch Byrd,1
Mitch Gerads,11
Mitchel Scanlon,22
Mitsutaka Hirota,34
Mizuki Sakakibara,72
Mohale Mashigo,1
Monica Davila,3
Monica Owusu-Breen,33
Monty Nero,3
Morgan Gendel,24
Morgan Grendal,1
Morgan W. Gray,32
Morio Hatano,2
Morrie Kuramoto,1
Mort Drucker,4
Mort Leav,5
Mort Todd,6
Morton Lawrence,10
Mozu Hayanie,3
Murray Ward,1
Myisha Haynes,6
Myron Fass,1
N-Space,12
N.D. Stevenson,15
Nancy Allen,1
Nancy Collins,8
Nao Fuji,1
Naomi Basner,5
Naomi Franquiz,8
Natacha Bustos,50
Natasha Allegri,15
Natasha Donovan,3
Nate Palant,3
Nathan Edmondson,55
Nathan Fox,5
Nathan Louis Jackson,5
Nathan Massengill,1
Nathan Stockman,64
Nathaniel Halpern,2
Naunerle Farr,10
Neal Adams,105
Ned Benson,7
Ned Sonntag,11
Neil Edwards,157
Neil Errar,4
Neil Gaiman,78
Neil Googe,1
Neil Hansen,13
Neil Vokes,3
Neko Entertainment,13
Nelson Blake II,6
Nelson DeCastro,7
Nelson Ortega,4
Nelson Ribeiro,1
Nelson Yomtov,79
Nestor Redondo,4
NetEase,351
Netho Diaz,1
Netmarble Games,385
Newt Alfred,12
Nia DaCosta,4
Nic Klein,21
Niceole R. Levy,2
Nicholas Corea,16
Nicholas Vince,4
Nick Abadzis,4
Nick Barber,3
Nick Bradshaw,66
Nick Dragotta,77
Nick Dubois,2
Nick Fillippi,9
Nick Giovannetti,4
Nick J. Napolitano,21
Nick Karlton,1
Nick Kilislian,1
Nick Kocher,11
Nick Percival,1
Nick Pitarra,127
Nick Robles,2
Nick Roche,14
Nick Santora,24
Nick Spencer,365
Nick Sullivan,3
Nick Thompson,13
Nick Vince,19
Nico Leon,52
Nicola Cuti,9
Nicole Dubuc,23
Nicole Martinez,46
Nicole Perlman,81
Nigel Dobbyn,8
Nihilistic Software,3
Nik Virella,50
Nikesh Shukla,9
Niko Henrichon,25
Nilah Magruder,2
Nina Vakueva,1
Nnedi Okorafor,30
Noah Hawley,37
Noah Sterling,3
Noel Davis,1
Noemi Vettori,2
Nora Zuckerman,14
Norm Breyfogle,20
Norm Dwyer,1
Norman Felchle,4
Norman Light,1
Norman Maurer,7
Norman Steinberg,3
Norvell W. Page,1
Nuno Plati,19
Nunzio DeFilippis,139
Nyla Innuksuk,6
O'Neil Jones,6
Oclair Albert,4
Ogden Whitney,21
Oh Sheeps,2
Olivia Bendis,1
Olivia Dufault,4
Olivia Margraf,1
Olivier Coipel,120
Onofrio Catacchio,1
Oosawa Yuusuke,18
Orphans Cheeps,1
Orson Scott Card,37
Oscar Jiminez,3
Oscar Wilde,1
Otis Adelbert Kline,1
Otto Binder,67
Otto Schmidt,25
Ovi Hondru,1
Owl Goingback,1
P. Craig Russell,54
Pablo Marcos,50
Pablo Raimondi,94
Paco Diaz Luque,20
Paco Diaz,175
Paco Herrera,16
Paco Medina,478
Paige Pettoruto,1
Paiman Kalayeh,3
Palmiotti,1
Pam Eklund,1
Pamela Hickey,1
Pander Brothers,1
Paolo Pantalena,37
Paolo Parente,1
Paolo Rivera,80
Paolo Villanelli,8
Paradox Development,24
Paragon Software,49
Paris Cullins,13
Paris Karounos,4
Parker Brothers (Toy Manufacturer),3
Pascal Alixe,53
Pasqual Ferry,210
Pat Boyette,3
Pat Broderick,220
Pat Charles,3
Pat Garrahy,4
Pat Lee,22
Pat Mills,156
Pat Quinn,4
Pat Redding,1
Pat Thackray,5
Patricia Michael,1
Patricia Payne,4
Patrick Archibald,1
Patrick Berkenkotter,40
Patrick Burleigh,18
Patrick Gleason,9
Patrick Goddard,1
Patrick Keary,5
Patrick Kevin Day,144
Patrick Kindlon,1
Patrick Olliffe,297
Patrick Rolo,5
Patrick Scherberger,113
Patrick Spaziante,46
Patrick Zircher,168
Patton Oswalt,57
Patty Shinagawa,1
Paty Cockrum,17
Paul Abrams,2
Paul Allor,10
Paul Azaceta,53
Paul Benjamin,27
Paul Benson,1
Paul Bestow,1
Paul Chadwick,12
Paul Cornell,284
Paul Davidson,65
Paul Di Filippo,28
Paul Dini,99
Paul Eschbach,8
Paul Fairchild,2
Paul Farrell,6
Paul Fry,6
Paul Giacoppo,53
Paul Grist,45
Paul Guinan,1
Paul Gulacy,86
Paul Gustavson,50
Paul Hodge,1
Paul Hornschemeier,1
Paul Jenkins,429
Paul Johnson,9
Paul Kirchner,10
Paul Laiken,1
Paul Lauretta,6
Paul Lee,5
Paul Marshall,8
Paul McCaffrey,3
Paul McGuigan,2
Paul Neary,178
Paul O'Connor,1
Paul Pelletier,240
Paul Pope,11
Paul Quinn,2
Paul Reinman,44
Paul Reinwand,1
Paul Renaud,23
Paul Rivoche,8
Paul Rudd,28
Paul Ryan,291
Paul S. Newman,2
Paul Scheer,4
Paul Smith,182
Paul Tobin,523
Paul Wernick,63
Paul Zbyszewski,43
Paula Foye,1
Pauline Loth,3
Paulo Siqueira,51
Peach Momoko,6
Pedi,4
Penn Jillette,2
Pepe Larraz,291
Pere Pérez,127
Petar Bridges,1
Pete Garcia,1
Pete Lijauco,1
Pete Morisi,6
Pete Tumlinson,32
Peter Allen David,6
Peter Alvarado,2
Peter Bagge,16
Peter Calloway,1
Peter Cameron,14
Peter David,1649
Peter Gillis,590
Peter Gross,8
Peter Gutierrez,22
Peter Hoar,1
Peter John Palmer,1
Peter Johnson,52
Peter Krause,1
Peter Leto,2
Peter Milligan,265
Peter Mohan,1
Peter Morwood,1
Peter Nguyen,5
Peter Olson,98
Peter Palmiotti,14
Peter Sanderson,70
Peter Vale,15
Peter Woods,92
Peyton Reed,3
Phil Babet,45
Phil Briones,107
Phil Brooks,14
Phil Crain,4
Phil Foglio,11
Phil Gascoigne,4
Phil Gascoine,14
Phil Gosier,20
Phil Hahn,34
Phil Hester,21
Phil Jimenez,45
Phil Lord,181
Phil Noto,139
Phil Pignotti,3
Phil Saunders,22
Phil Sturm,8
Phil Winslade,45
Philip Bond,1
Philip DeGuere,12
Philip John Taylor,3
Philip K. Dick,1
Philip Pignotti,1
Philip Sclater,1
Philip Tan,46
Philip Wylie,1
Philip Xavier,18
Philippe Bouchet,7
Philippe Guyenne,5
Phillip Bond,12
Phillip Kennedy Johnson,91
Phillip Sevy,2
Phillippe Briones,3
Pia Guerra,2
Pierce Askegren,4
Pierce Rice,21
Pino Rinaldi,30
Piotr Kowalski,38
Plato,8
Pocket Studios,10
Pond Scum,1
Pop Mhan,25
Pornsak Pichetshote,3
Pow Rodrix,28
Probe Entertainment Limited,4
Probe Entertainment,4
Prudence Shen,6
Quinton Peeples,13
R. L. Stine,3
R.A. Jones,16
R.B. Silva,112
R.K. Sternsel,44
R.L. Stine,3
R.M. Guera,14
R.R. Phipps,3
Rachael Stott,3
Rachel Chavkin,21
Rachel Dodson,2
Rachelle Rosenberg,15
Rael Lyra,2
Rafa Garres,7
Rafa Sandoval,71
Rafael Albuquerque,1
Rafael De Latorre,11
Rafael Fonteriz,3
Rafael Grampa,5
Rafael Kayanan,139
Rafael Marin,90
Rafael Nieves,22
Rafael Scavone,1
Rafe Judkins,20
Raffaele Ienco,37
Rags Morales,15
Raina Telgemeier,1
Rainbow Rowell,38
Ralph Bakshi,26
Ralph Cabrera,2
Ralph Macchio,343
Ralph Reese,5
Ram V,19
Ramon Bachs,224
Ramon Bernado,5
Ramon Olivo,44
Ramon Villalobos,55
Ramona Patenaude,4
Ramzee,6
Ramón Pérez,68
Ramón Rosanas,113
Randall Frenz,5
Randall Green,43
Randy Elliot,1
Randy Emberlin,1
Randy Jandt,5
Randy Lofficier,211
Randy Schueller,1
Rare,9
Rascal Alixe,1
Rashad Raisani,4
Raul Inglis,2
Raul Lopez,1
Raul Valdes,9
Raven Metzner,12
Ray Burley,1
Ray Cummings,13
Ray Fawkes,13
Ray Gill,28
Ray Houlihan,2
Ray Kryssing,1
Ray McCarthy,1
Ray Patterson,1
Ray Winninger,22
Ray-Anthony Height,19
Raymond Cusick,1
Raymond Marais,6
Rebecca Guay,12
Rebecca Kirsch,3
Rebecca Roanhorse,5
Rebekah Isaacs,19
Red Holmdale,1
Reed Crandall,5
Reggie Jones,13
Regie Milburn,1
Reginald Hudlin,172
Reilly Brown,157
Renato Arlem,37
Renato Guedes,19
Renée Witterstaetter,2
Rey Garcia,1
Rhamat Handoko,2
Rhett Reese,63
Rhoald Marcellius,4
Rhys Thomas,10
Ricardo Lopez Ortiz,6
Ricardo Tercio,19
Ricardo Villagran,1
Ricardo Villamonte,14
Rich Buckler,247
Rich Douek,2
Rich Ellis,6
Rich Faber,2
Rich Fogel,1
Rich Green,23
Rich Koslowski,3
Rich Kowslowski,1
Rich Margopoulos,18
Rich Yanizeski,4
Richard Ashford,7
Richard Bennett,21
Richard Bensam,1
Richard Case,30
Richard Christian Matheson,1
Richard Corben,30
Richard Doxsee,3
Richard Elson,89
Richard Green,5
Richard Howell,132
Richard Isanove,25
Richard K. Morgan,24
Richard Kahn,16
Richard L. Tierney,1
Richard Lee Byers,30
Richard Matheson,1
Richard Mueller,54
Richard Pace,20
Richard Pursel,1
Richard Rainey,4
Richard S. Meyers,1
Richard Sapir,4
Richard Starkings,1
Richard Tierney,1
Richard Wagner,1
Rick Burchett,36
Rick Cleveland,7
Rick Hoberg,100
Rick Leonardi,134
Rick Magyar,3
Rick Margopoulos,24
Rick Mays,23
Rick Parker,43
Rick Remender,520
Rick Rosenthal,1
Rick Spears,13
Rick Stasi,3
Rick Suville,1
Rick Ungar,23
Rick Veitch,9
Rick Williams,4
Rickie Yagawa,3
Rico Renzi,3
Rico Rival,7
Rik Hoskin,8
Rik Levins,116
Riley Rossmo,32
RM Guera,1
Ro Stein,21
"Rob Benaviddes, Jr",4
Rob DiSalvo,62
Rob Fee,10
Rob Guillory,29
Rob Haynes,21
Rob Liefeld,255
Rob London,15
Rob Loos,4
Rob Nikolakakis,1
Rob Stofega,4
Rob Tokar,18
Rob Turbovsky,2
Rob Williams,87
Robb Phipps,3
Robbi Rodriguez,150
Robbie Thompson,536
Robert Atkins,17
Robert Bernstein,78
Robert Bloch,10
Robert Brown,20
Robert Campanella,5
Robert E. Howard,450
Robert Fingerman,9
Robert Gill,74
Robert Gregory Browne,1
Robert Gregory-Browne,6
Robert Hughes,1
Robert Ingersoll,1
Robert Janes,3
Robert Jones,1
Robert Kanigher,1
Robert Kirkman,290
Robert L. Baird,20
Robert Louis Golden,5
Robert Louis Stevenson,9
Robert Love,262
Robert Maitia,5
Robert Mark Kamen,9
Robert Morales,47
Robert O. Erisman,9
Robert Piotrowski,11
Robert Quinn,38
Robert Rodi,100
Robert Sale,10
Robert Silverberg,1
Robert Skir,65
Robert Stull,6
Robert Teranishi,8
Robert Townsend,1
Robert Walker,27
Robert Weinberg,46
Roberta Ingranata,4
Roberto Aguirre-Sacasa,143
Roberto Castro,7
Roberto de la Torre,7
Roberto De La Torre,35
Roberto Di Salvo,10
Roberto Flores,1
Roberto Orci,9
Roberto Poggi,5
Robin D. Chaplik,6
Robin Furth,32
Robin Ha,1
Robin Laws,13
Rock-He Kim,11
Rod Reis,111
Rod Whigham,16
Roderick Delgado,1
Rodney Barnes,13
Rodney Buchemi,32
Rodney Fuentebella,1
Rodney Gibbs,6
Rodney Ramos,111
Rodney Rothman,83
Rodolfo Damaggio,3
Roge Antonio,1
Roger Brown,9
Roger Cruz,140
Roger Langridge,61
Roger McKenzie,62
Roger Moore,43
Roger Ott,0
Roger Robinson,30
Roger Salick,10
Roger Slifer,16
Roger Stern,651
Roger Zelazny,1
Rogê Antônio,34
Roland Boschi,107
Roland Green,17
Roland Mann,2
Roland Paris,1
Romain Van Liemt,4
Romeo Tanghal,2
Romy Gamboa,1
Ron Burch,13
Ron Frenz,675
Ron Friedman,52
Ron Garney,292
Ron Goulart,20
Ron Lim,596
Ron Marz,288
Ron Myrick,2
Ron Randall,80
Ron Wagner,53
Ron Whyte,5
Ron Wilson,475
Ron Zalme,41
Ron Zimmerman,46
Ronald Byrd,100
Ronald Davidson,5
Ronald Wimberly,1
Ronan Cliquet,34
Ronnie Lawler,1
Rony Kahana,144
Rosi Kämpe,20
Rosie Mendoza,3
Ross Andru,155
Ross Dearsley,8
Ross Osterman,10
Roxane Gay,9
Roxann Dawson,1
Roxanne Paredes,6
Roy Allan Martinez,12
Roy Burdine,9
Roy Garn,1
Roy Gasnick,1
Roy Richardson,1
Roy Thomas,2778
Royal Cole,5
Ruairí Coleman,7
Ruben Diaz,56
Ruben Yandoc,1
Rudy Mesina,6
Rudy Nebres,25
Rudyard Kipling,7
Rurik Tyler,266
Russ Cochrane,15
Russ Heath,82
Russ Jones,3
Russell Braun,9
Russell Dauterman,46
Russell Lanford,5
Rusty Haller,13
Ruth Atkinson,20
Ruth Fletcher Gage,2
Ryan Benjamin,3
Ryan Bodenheim,12
Ryan Browne,14
Ryan Cady,26
Ryan Coogler,42
Ryan Ferrier,10
Ryan Firpo,18
Ryan Fleck,23
Ryan Kelly,6
Ryan Key,18
Ryan Kinnaird,7
Ryan Lee,3
Ryan Little,11
Ryan Meinerding,12
Ryan North,304
Ryan Odagawa,7
Ryan Ottley,46
Ryan Penagos,98
Ryan Reynolds,43
Ryan Sook,18
Ryan Stegman,137
Ryoichi Ikegami,7
S.C. Ringgenberg,8
Sabir Pirzada,8
Saint Bodhi,1
Saka,1
Sal Buscema,924
Sal Trapani,1
Sal Velluto,89
Saladin Ahmed,211
Sally Pashkow,2
Salvador Espin,404
Salvador Larroca,401
Sam Cooper,3
Sam de la Rosa,30
Sam Egan,2
Sam Gilman,1
Sam Glanzman,5
Sam Grainger,5
Sam Humphries,167
Sam Kieth,4
Sam Kweskin,33
Sam Liu,1
Sam Maggs,27
Sam Raimi,48
Sam Salgood,4
Samira Ahmed,1
Samuel Clarke Hawbaker,9
Sana Amanat,2
Sana Takeda,33
Sandu Florea,7
Sandy Connors,1
Sandy Plunkett,7
Sanford Greene,39
Sanho Kim,4
Sanshiro Kasama,9
Sara Alfageeh,1
Sara Barnes,5
Sara Benincasa,6
Sara Compton,3
Sara Pichelli,95
Sara Schaefer,5
Sarah Byam,87
Sarah Dyer,1
Savage Entertainment,12
Sax Rohmer,5
Scot Eaton,142
Scott Adams,7
Scott Adsit,19
Scott Aukerman,19
Scott B. Henderson,6
Scott Benefiel,6
Scott Benson,27
Scott Buck,39
Scott Christian Sava,3
Scott Clark,75
Scott D. Peterson,10
Scott Davis,38
Scott Derrickson,25
Scott Edelman,26
Scott Elmer,2
Scott Frank,29
Scott Godlewski,6
Scott Gray,90
Scott Hampton,7
Scott Hanna,12
Scott Hepburn,85
Scott Koblish,342
Scott Kolins,85
Scott Kurtz,9
Scott Lobdell,820
Scott M. Gimple,15
Scott McDaniel,138
Scott Morse,3
Scott Mosier,16
Scott Reed,8
Scott Reynolds,12
Scott Rosema,5
Scott Rosenberg,17
Scott Shaw,1
Scott Snyder,15
Scott Trowbridge,10
Scott Wegener,8
Scott Wittbecker,144
Script Stories,5
Seamus Kevin Fahey,29
Sean Catherine Derek,5
Sean Chen,457
Sean Collins,1
Sean Damien Hill,32
Sean Galloway,4
Sean Izaakse,44
Sean McKeever,240
Sean McQuaid,95
Sean Parsons,1
Sean Phillips,204
Sean Ruffner,38
Sean Ryan,27
Sean T. Collins,141
Seanan McGuire,38
Seb Patrick,1
Sebastian Cabrol,2
Sebastian Fiumara,3
Sebastian Girner,15
Sebastian Montes,1
Sebastian Piriz,1
Sebastián Carrillo,5
Sega,54
Sergio Aragones,13
Sergio Ariño,18
Sergio Cariello,19
Sergio Dávila,15
Seth Fisher,5
Seth Grahame-Smith,21
Seth Hoffman,7
Seth Peck,8
Seth Smith,2
Seth Watkins,13
Shadi Petosky,4
Shaenon Garrity,1
Shalisa Francis,6
Shane Black,53
Shane Davis,6
Shane McCarthy,4
Shannon Eric Denton,2
Shannon Gallant,4
Shannon Hale,7
Shanon Ingles,144
Sharad Devarajan,13
Sharla Oliver,15
Sharmeen Obaid-Chinoy,1
Sharon Flynn,3
Sharon Janis,1
Sharon L. Webber,5
Shaun Escayg,46
Shawn Crystal,24
Shawn Martinbrough,38
Shawn McManus,24
Shawn Moll,85
Shea Anton Pensa,1
Sheila Johnson,5
Sheldon Turner,18
Sheldon Vella,10
Shin Nagasawa,7
Shirley Jay,1
Sholly Fisch,69
Shon C. Bury,2
Shōzō Uehara,16
Sid Greene,18
Sid Greens,2
Sid Kotian,4
Sid Marcus,2
Silicon Dreams,1
Simon Bisley,10
Simon Coleby,20
Simon Furman,457
Simon Jacob,1
Simon Jowett,58
Simon Keating,1
Simon Kinberg,113
Simon Spurrier,234
Simon Williams,24
Simone Bianchi,99
Simone Buonfantino,2
Simone Di Meo,11
Sina Grace,20
Skip Dietz,23
Skip Woods,17
Skottie Young,342
Sneha Koorse,2
Sobee,4
Software Creations,46
Sol Brodsky,20
Sonay Hoffman,2
Sonia Oback,1
Sonny Liew,3
Sonny Trinidad,22
Spike Valentine,3
Stacey Lee,11
Stacy Weiss,17
Stan Berkowitz,53
Stan Drake,1
Stan Goldberg,30
Stan Lee,3225
Stan Timmons,14
Stanislav Robert Pawlowski,49
Stanley Weinbaum,1
Staz Johnson,14
Stefan Petrucha,51
Stefano Caselli,185
Stefano Gaudiano,2
Stefano Guadiano,1
Stefano Landini,10
Stefano Raffaele,35
Stephan Franck,6
Stephanie Buscema,10
Stephanie Hans,67
Stephanie Mathison,6
Stephanie Phillips,8
Stephanie Savage,42
Stephanie Stine,3
Stephanie Williams,13
Stephen A. Miller,1
Stephen Byrne,10
Stephen Crane,4
Stephen Jones,9
Stephen King,2
Stephen McFeely,204
Stephen Molnar,2
Stephen Mooney,3
Stephen Norrington,1
Stephen Platt,3
Stephen Sadowski,1
Stephen Segovia,55
Stephen Sharples,258
Stephen Tolkin,8
Stephen Wacker,4
Sterling Gates,1
Steve Biasi,1
Steve Buccellato,24
Steve Butler,16
Steve Carr,13
Steve Craddock,2
Steve Cuden,1
Steve Dahlman,45
Steve Darnall,25
Steve Dillon,150
Steve Ditko,559
Steve Ellis,12
Steve Englehart,603
Steve Epting,243
Steve Erwin,2
Steve Foxe,184
Steve Gan,28
Steve Geiger,3
Steve Gerber,623
Steve Granat,36
Steve Hamaker,7
Steve Harris,7
Steve Hayes,3
Steve Kloves,26
Steve Krantz,7
Steve Kurth,62
Steve Leialoha,46
Steve Lieber,23
Steve Lightfoot,32
Steve Lightle,23
Steve Loter,7
Steve Mannion,1
Steve McNiven,255
Steve Mellor,144
Steve Mitchell,9
Steve Montano,6
Steve Moore,13
Steve Niles,3
Steve Orlando,149
Steve Parkhouse,62
Steve Perry,15
Steve Poole,3
Steve Proudfoot,5
Steve Pugh,162
Steve Purcell,3
Steve Ringgenberg,4
Steve Rude,46
Steve Sadowski,39
Steve Scott,34
Steve Seagle,75
Steve Skroce,86
Steve Smallwood,8
Steve Tappin,11
Steve Uy,32
Steve Yeowell,12
Steven A. Roman,4
Steven Bissette,2
Steven Butler,90
Steven Carr,4
Steven Cummings,54
Steven E. Schend,39
Steven Faulkner,1
Steven Grant,320
Steven Kim,2
Steven Mattsson,1
Steven Melching,37
Steven Roman,14
Steven S. DeKnight,16
Steven Sanders,40
Steven Skeates,103
Steven Spiegel,5
Steven T. Seagle,14
Stewart Johnson,18
Stockbridge Winslow,7
Stu Schwartzberg,1
Stu Selonick,1
Stuart Hopen,9
Stuart Immonen,282
Stuart Jennett,2
Stuart Little,7
Stuart Moore,162
Stuart Vandal,116
Stuart Zicherman,9
Studio Infinity,1
Stéfanie Jolin,76
Stéphane Juffé,9
Stéphane Roux,2
Sue Chung,3
Sue Flaxman,8
Sumeyye Kesgin,7
Sunny Lee,1
Suresh Seetharaman,13
Susan O'Connor,18
Susan Putney,6
Susumu Takaku,3
Sweeney Boo,21
Syd Shores,260
Sydney Newman,1
Sylvia Soska,13
Szymon Kudranski,42
T. Campbell,4
T.H. White,1
Ta-Nehisi Coates,101
Tad Stones,1
Tadaaki Yamazaki,4
Taika Waititi,58
Takeshi Miyazawa,114
Takeshi Sakurai,1
Takuya Masumoto,2
Takuya Matsumoto,3
Talent Caldwell,1
Tamara Becher-Wilkinson,19
Tamora Pierce,10
Tan Eng Huat,116
Tana Ford,21
Tania Del Rio,6
Tanner Bean,1
Tara Butters,5
Taran Killam,3
Tarpe Mills,11
Tatiana Suarez-Pico,2
Team Fusion,3
Technopop,19
Ted Brandt,3
Ted Halsted,1
Ted Levins,3
Ted McKeever,10
Ted Pedersen,9
Ted Robledo,5
Ted White,5
Tee Franklin,6
Telltale Games,16
Tennessee Williams,2
Terence Taylor,4
Terese Nielsen,67
Terrell Bobbett,1
Terrence McDonnell,1
Terry Austin,130
Terry Blas,10
Terry Clark,3
Terry Collins,1
Terry Dodson,181
Terry Kavanagh,435
Terry Moore,21
Terry Nation,1
Terry Pallot,1
Terry Shoemaker,59
Tex Blaisdell,1
The Amazing Society,28
The Tribe,4
Theodore Sturgeon,1
Thomas Barichella,19
Thomas Brennan,3
Thomas Derenick,63
Thomas E. Szollosi,1
Thomas F. Zahler,1
Thomas Krajewski,2
Thomas Labourot,8
Thomas M. Disch,2
Thomas Nachlik,2
Thomas Peckett Prest,1
Thomas Sniegoski,22
Thomas Sutton,101
Thomas Szollosi,1
Thomas Virkaitis,77
Thony Silas,39
Tigh Walker,12
Tim Bradstreet,5
Tim Conrad,5
Tim Divar,1
Tim Eldred,10
Tim Green,9
Tim Hamilton,7
Tim Hildebrandt,3
Tim Levins,4
Tim Maltby,2
Tim Mielants,1
Tim Quinn,109
Tim Sale,14
Tim Seeley,98
Tim Townsend,5
Tim Ursiny,3
Timothy Busfield,2
Timothy Green II,28
Timothy Green III,2
Timothy Liebe,10
Timothy Truman,10
Timothy Zahn,6
Tina Chrioproces,3
Tini Howard,154
TinyCo,24
Tito Faraci,1
Tod Smith,158
Todd Britton,4
Todd Casey,94
Todd DeZago,199
Todd Dezago,124
Todd Felderstein,2
Todd Foxx,7
Todd Garfield,2
Todd Harris,8
Todd Jefferson,27
Todd McFarlane,88
Todd Nauck,161
Todd Quincey Jefferson,66
Todd Smith,3
Todd Susman,1
Todd Wahnish,13
Tokitokoro,1
Tom Artis,5
Tom Beland,8
Tom Bierbaum,1
Tom Blank,1
Tom Brevoort,77
Tom Chu,14
Tom Cohen,2
Tom Coker,1
Tom DeFalco,1793
Tom DeSanto,14
Tom Field,1
Tom Fowler,2
Tom Gill,23
Tom Grindberg,55
Tom Grummett,294
Tom Hardy,5
Tom Kauffman,11
Tom King,19
Tom Lyle,67
Tom Mandrake,27
Tom Mason,43
Tom McLaughlin,1
Tom Morgan,220
Tom Muller,1
Tom Orzechowski,1
Tom Palmer,32
Tom Peyer,117
Tom Piccirilli,1
Tom Pugsley,3
Tom Raney,226
Tom Reilly,3
Tom Scheuer,4
Tom Scioli,107
Tom Smith,1
Tom Sniegoski,30
Tom Taylor,263
Tom Tenney,15
Tom Vincent,1
Tom Whedon,6
Tom Yeates,10
Tomm Coker,15
Tommaso Bennato,12
Tommy Lee Edwards,110
Tommy Ohtsuka,19
Tonci Zonjic,8
Tony Bedard,437
Tony DeZuniga,57
Tony DiPreta,10
Tony Harris,21
Tony Isabella,155
Tony Lee,3
Tony Matias,3
Tony Moore,69
Tony Mortellaro,3
Tony S. Daniel,49
Tony Salmons,24
Tony Skinner,151
Tony Tallarico,2
Tonya Kong,2
Tori Apiradee,2
Torunn Grønbekk,18
Torus Games Pty. Ltd.,2
Torus Games,2
Toshiki Inoue,20
Toshimitsu Takeuchi,14
Toy Biz,8
Toyotaka Haneda,4
Tracey Forbes,2
Tracy Forbes,2
Tracy McMillan,2
Tradd Moore,21
Travel Foreman,46
Travis Charest,4
Travis McElroy,10
Trent Kaniuga,8
Trevor Goring,36
Trevor Hairsine,41
Trevor McCarthy,4
Trevor von Eeden,9
Trevor von Eedon,3
Trey Buongiorno,3
Trina Robbins,12
Tristan Shane,2
Troy Denning,1
Tsutomu Nihei,7
Turi Meyer,8
Ty Templeton,155
Tyler Crook,1
Tyler Kirkham,50
Ubisoft,42
Udon Studios,48
V-0-3,2
Val Mayerik,168
Val Semeiks,50
Val Staples,1
Valentina Pinti,1
Valentine De Landro,35
Valerie D'Orazio,3
Valerio Schiti,150
Vanesa Del Rey,13
Vasco Georgiev,2
Vatche Mavlian,3
Veronica Fish,8
Vicarious Visions,17
Vicenc Villagrasa,23
Vicente Alcázar,13
Vicente Cifuentes,4
Vicente Ibañez,2
Vicenzo Carratù,4
Victor Calderon-Zurita,1
Victor Carrabotta,7
Victor Gischler,162
Victor Ibanez,20
Victor LaValle,13
Victor Llamas,4
Victor Nava,3
Victor Santos,1
Victor Varnado,19
Viktor Bogdanović,31
Vince Alascia,84
Vince Colletta,13
Vince Fago,1
Vince Giarrano,5
Vince Mielcarek,66
Vince Russell,2
Vincent Evans,4
Vincenzo Carratù,3
Vincenzo Cucca,2
Vinton Heuck,2
Violet Barclay,1
Virgilio Redondo,4
Virginia Roth,2
Vita Ayala,169
W. Chew Chan,2
W. Maxwell Prince,18
Walden Wong,5
Wally Wood,62
Walt Disney Imagineering,8
Walt Jaschek,2
Walter Amiral,2
Walter McDaniel,20
Walter Simonson,355
Walter Taborda,2
Warren Ellis,741
Warren Hsu Leonard,1
Warren Kremer,5
Warren Martineck,1
Warren Murphy,4
Warren Simmons,1
Warren Spector,4
Washington Irving,3
Wayne A. Murray,12
Wayne Boring,10
Wayne Howard,1
Wayne Nichols,1
Wayne Vansant,55
Well-Bee,9
Wellinton Alves,131
Werner Roth,174
Werther Dell'Edera,6
Wes Craig,1
Wesley Burt,1
Wesley Craig,50
Western Technologies Inc,11
Whilce Portacio,141
Whit Anderson,2
Wilfred Santiago,8
Wilfredo Torres,14
Wilkie Collins,4
Will Blyberg,3
Will Conrad,48
Will Corona Pilgrim,13
Will Harr,8
Will Jungkuntz,3
Will Meugniot,39
Will Murray,8
Will Pfeifer,43
Will Robson,47
Will Simpson,7
Will Speck,12
Willard Huyck,9
William Blake Everett,282
William Cade,6
William Gibson,1
William Graham Jr.,46
William Hanna,32
William Harms,28
William Johnson,12
William Johnston,1
William M. Whitehead,2
William Messner-Loebs,53
William Robert Brown,76
William Rosado,6
William Schwartz,1
William Scott-Elliot,1
William Sliney,195
William Tracy,1
William Tucci,22
William Vaughan,13
Wilton Santos,1
Wilton Schiller,4
Winslow Mortimer,174
Witmer Williams,1
Wyatt Cenac,113
Wyatt Gwyon,9
Xavier Marturet,13
Xermanico,1
Xi Shanshan,20
Xu Ming,3
Y. Stewart,11
Yale Yudoff,1
Yamanaka Akira,2
Yancey Labat,50
Yanick Paquette,65
Yasmine Putri,7
Yehudi Mercado,44
Yıldıray Çınar,37
Yolanda Carney,4
Yong Montano,26
Yoshitaka Amano,4
Young hoon Ko,1
Young Ki Yoon,3
Yusaku Komiyama,23
Yuzo Sato,1
Yves Bigerel,22
Yvette Pérez,2
Zac Gabel,3
Zac Gorman,24
Zac Thompson,61
Zach Bush,144
Zach Craley,3
Zach Howard,5
Zachary Baldus,4
Zack Davisson,5
Zack Stentz,39
Zak Penn,143
Zander Cannon,9
Zealia Bishop,2
Zeb Wells,245
Zen Studios,17
Zhou Jiajun,3
Zoe Green,1
Zoe Thorogood,1
Zoё Mode,7
Álvaro López,1
Ángel Unzueta,36
Óscar Jiménez,52
